element,fixture,opponent_team,total_points,was_home,kickoff_time,team_h_score,team_a_score,round,modified,minutes,goals_scored,assists,clean_sheets,goals_conceded,own_goals,penalties_saved,penalties_missed,yellow_cards,red_cards,saves,bonus,bps,influence,creativity,threat,ict_index,starts,expected_goals,expected_assists,expected_goal_involvements,expected_goals_conceded,mng_win,mng_draw,mng_loss,mng_underdog_win,mng_underdog_draw,mng_clean_sheets,mng_goals_scored,value,transfers_balance,selected,transfers_in,transfers_out,player_id,name
4,2,20,12,True,2024-08-17T14:00:00Z,2,0,1,False,90,1,1,1,0,0,0,0,0,0,0,3,48,54.8,24.1,46.0,12.5,1,0.45,0.04,0.49,0.47,0,0,0,0,0,0,0,80,0,1087445,0,0,4,Kai Havertz
4,11,2,2,False,2024-08-24T16:30:00Z,0,2,2,False,90,0,0,1,0,0,0,0,0,0,0,0,-2,0.0,6.1,15.0,2.0,1,0.21,0.03,0.24,1.28,0,0,0,0,0,0,0,81,285826,1638743,350954,65128,4,Kai Havertz
4,21,5,8,True,2024-08-31T11:30:00Z,1,1,3,False,90,1,0,0,1,0,0,0,0,0,0,2,34,47.0,24.8,30.0,10.2,1,0.77,0.05,0.82,1.83,0,0,0,0,0,0,0,81,63441,1755160,307787,244346,4,Kai Havertz
4,39,18,2,False,2024-09-15T13:00:00Z,0,1,4,False,90,0,0,1,0,0,0,0,0,0,0,0,9,19.2,5.4,36.0,6.1,1,0.14,0.00,0.14,0.74,0,0,0,0,0,0,0,81,-8676,1804099,301692,310368,4,Kai Havertz
4,47,13,2,False,2024-09-22T15:30:00Z,2,2,5,False,90,0,0,0,2,0,0,0,0,0,0,0,8,15.0,0.0,17.0,3.2,1,0.06,0.00,0.06,2.16,0,0,0,0,0,0,0,81,-82509,1733362,108350,190859,4,Kai Havertz
4,51,11,6,True,2024-09-28T14:00:00Z,4,2,6,False,90,1,0,0,2,0,0,0,0,0,0,0,25,35.6,8.5,100.0,14.4,1,1.89,0.04,1.93,0.32,0,0,0,0,0,0,0,82,201708,1961057,419703,217995,4,Kai Havertz
4,61,17,8,True,2024-10-05T14:00:00Z,3,1,7,False,90,1,0,0,1,0,0,0,0,0,0,2,34,37.6,14.9,82.0,13.5,1,0.77,0.04,0.81,0.65,0,0,0,0,0,0,0,82,177244,2162410,293506,116262,4,Kai Havertz
4,71,3,2,False,2024-10-19T16:30:00Z,2,0,8,False,90,0,0,0,2,0,0,0,0,0,0,0,4,3.6,3.3,10.0,1.7,1,0.04,0.02,0.06,1.82,0,0,0,0,0,0,0,83,-176824,1980343,105725,282549,4,Kai Havertz
4,81,12,2,True,2024-10-27T16:30:00Z,2,2,9,False,90,0,0,0,2,0,0,0,0,0,0,0,3,4.4,25.3,17.0,4.7,1,0.17,0.47,0.64,0.85,0,0,0,0,0,0,0,82,-214525,1768961,30424,244949,4,Kai Havertz
4,96,15,1,False,2024-11-02T12:30:00Z,1,0,10,False,90,0,0,0,1,0,0,0,1,0,0,0,4,5.6,11.8,4.0,2.1,1,0.00,0.42,0.42,0.53,0,0,0,0,0,0,0,81,-158755,1625586,45811,204566,4,Kai Havertz
4,103,6,1,False,2024-11-10T16:30:00Z,1,1,11,False,90,0,0,0,1,0,0,0,1,0,0,0,2,12.0,13.2,2.0,2.7,1,0.00,0.01,0.01,1.28,0,0,0,0,0,0,0,80,-367479,1257354,10408,377887,4,Kai Havertz
4,111,16,0,True,2024-11-23T15:00:00Z,3,0,12,False,0,0,0,0,0,0,0,0,0,0,0,0,0,0.0,0.0,0.0,0.0,0,0.00,0.00,0.00,0.00,0,0,0,0,0,0,0,80,-64725,1208258,48399,113124,4,Kai Havertz
4,129,19,6,False,2024-11-30T17:30:00Z,2,5,13,False,90,1,0,0,2,0,0,0,0,0,0,0,28,31.4,4.7,24.0,6.0,1,0.66,0.01,0.67,1.54,0,0,0,0,0,0,0,79,-103897,1106101,20558,124455,4,Kai Havertz
4,131,14,2,True,2024-12-04T20:15:00Z,2,0,14,False,90,0,0,1,0,0,0,0,0,0,0,0,2,4.8,3.1,35.0,4.3,1,0.25,0.02,0.27,0.22,0,0,0,0,0,0,0,79,5371,1117383,53435,48064,4,Kai Havertz
4,145,9,5,False,2024-12-08T14:00:00Z,1,1,15,False,73,0,1,0,1,0,0,0,0,0,0,0,9,9.8,14.8,19.0,4.4,1,0.34,0.01,0.35,0.16,0,0,0,0,0,0,0,79,-14556,1105305,38362,52918,4,Kai Havertz
4,151,8,2,True,2024-12-14T15:00:00Z,0,0,16,False,90,0,0,1,0,0,0,0,0,0,0,0,8,7.0,26.0,23.0,5.6,1,0.06,0.09,0.15,0.09,0,0,0,0,0,0,0,79,17625,1129192,65418,47793,4,Kai Havertz
4,163,7,6,False,2024-12-21T17:30:00Z,1,5,17,False,57,1,0,0,1,0,0,0,0,0,0,1,34,42.4,13.2,37.0,9.3,1,0.88,0.01,0.89,1.53,0,0,0,0,0,0,0,79,-57800,1072157,19774,77574,4,Kai Havertz
4,171,10,7,True,2024-12-27T20:15:00Z,1,0,18,False,90,1,0,1,0,0,0,0,1,0,0,2,33,42.0,21.0,62.0,12.5,1,1.08,0.08,1.16,0.16,0,0,0,0,0,0,0,79,39449,1119308,93259,53810,4,Kai Havertz
4,182,4,0,False,2025-01-01T17:30:00Z,1,3,19,False,0,0,0,0,0,0,0,0,0,0,0,0,0,0.0,0.0,0.0,0.0,0,0.00,0.00,0.00,0.00,0,0,0,0,0,0,0,79,24677,1144511,67743,43066,4,Kai Havertz
4,193,5,0,False,2025-01-04T17:30:00Z,1,1,20,False,0,0,0,0,0,0,0,0,0,0,0,0,0,0.0,0.0,0.0,0.0,0,0.00,0.00,0.00,0.00,0,0,0,0,0,0,0,79,-128490,1013787,35788,164278,4,Kai Havertz
4,201,18,1,True,2025-01-15T20:00:00Z,2,1,21,False,90,0,0,0,1,0,0,0,1,0,0,0,-8,0.0,3.3,47.0,5.0,1,0.40,0.01,0.41,0.78,0,0,0,0,0,0,0,78,-90975,927592,23441,114416,4,Kai Havertz
4,211,2,7,True,2025-01-18T17:30:00Z,2,2,22,False,90,1,0,0,2,0,0,0,0,0,0,1,27,32.2,17.4,24.0,7.4,1,0.20,0.03,0.23,1.04,0,0,0,0,0,0,0,78,-54128,876123,12760,66888,4,Kai Havertz
4,230,20,2,False,2025-01-25T15:00:00Z,0,1,23,False,90,0,0,1,0,0,0,0,0,0,0,0,-6,7.4,1.4,36.0,4.5,1,0.53,0.00,0.53,0.74,0,0,0,0,0,0,0,78,35507,918025,67389,31882,4,Kai Havertz
4,231,13,12,True,2025-02-02T16:30:00Z,5,1,24,False,89,1,1,0,1,0,0,0,0,0,0,3,44,55.4,14.7,35.0,10.5,1,0.49,0.25,0.74,0.81,0,0,0,0,0,0,0,78,-71641,843600,7003,78644,4,Kai Havertz
4,245,11,0,False,2025-02-15T12:30:00Z,0,2,25,False,0,0,0,0,0,0,0,0,0,0,0,0,0,0.0,0.0,0.0,0.0,0,0.00,0.00,0.00,0.00,0,0,0,0,0,0,0,78,-51179,797818,60662,111841,4,Kai Havertz
4,251,19,0,True,2025-02-22T15:00:00Z,0,1,26,False,0,0,0,0,0,0,0,0,0,0,0,0,0,0.0,0.0,0.0,0.0,0,0.00,0.00,0.00,0.00,0,0,0,0,0,0,0,78,-71443,727176,230,71673,4,Kai Havertz
4,264,16,0,False,2025-02-26T19:30:00Z,0,0,27,False,0,0,0,0,0,0,0,0,0,0,0,0,0,0.0,0.0,0.0,0.0,0,0.00,0.00,0.00,0.00,0,0,0,0,0,0,0,78,-23798,704116,101,23899,4,Kai Havertz
4,276,14,0,False,2025-03-09T16:30:00Z,1,1,28,False,0,0,0,0,0,0,0,0,0,0,0,0,0,0.0,0.0,0.0,0.0,0,0.00,0.00,0.00,0.00,0,0,0,0,0,0,0,77,-16726,687549,162,16888,4,Kai Havertz
4,281,6,0,True,2025-03-16T13:30:00Z,1,0,29,False,0,0,0,0,0,0,0,0,0,0,0,0,0,0.0,0.0,0.0,0.0,0,0.00,0.00,0.00,0.00,0,0,0,0,0,0,0,77,-7564,679746,153,7717,4,Kai Havertz
4,291,9,0,True,2025-04-01T18:45:00Z,2,1,30,False,0,0,0,0,0,0,0,0,0,0,0,0,0,0.0,0.0,0.0,0.0,0,0.00,0.00,0.00,0.00,0,0,0,0,0,0,0,77,-7269,673333,174,7443,4,Kai Havertz
4,304,8,0,False,2025-04-05T11:30:00Z,1,1,31,False,0,0,0,0,0,0,0,0,0,0,0,0,0,0.0,0.0,0.0,0.0,0,0.00,0.00,0.00,0.00,0,0,0,0,0,0,0,77,-2532,670993,110,2642,4,Kai Havertz
4,311,4,0,True,2025-04-12T16:30:00Z,1,1,32,False,0,0,0,0,0,0,0,0,0,0,0,0,0,0.0,0.0,0.0,0.0,0,0.00,0.00,0.00,0.00,0,0,0,0,0,0,0,77,-3202,667796,99,3301,4,Kai Havertz
4,326,10,0,False,2025-04-20T13:00:00Z,0,4,33,False,0,0,0,0,0,0,0,0,0,0,0,0,0,0.0,0.0,0.0,0.0,0,0.00,0.00,0.00,0.00,0,0,0,0,0,0,0,77,-3347,664454,113,3460,4,Kai Havertz
4,331,7,0,True,2025-04-23T19:00:00Z,2,2,33,False,0,0,0,0,0,0,0,0,0,0,0,0,0,0.0,0.0,0.0,0.0,0,0.00,0.00,0.00,0.00,0,0,0,0,0,0,0,77,-3347,664454,113,3460,4,Kai Havertz
4,341,3,0,True,2025-05-03T16:30:00Z,1,2,35,False,0,0,0,0,0,0,0,0,0,0,0,0,0,0.0,0.0,0.0,0.0,0,0.00,0.00,0.00,0.00,0,0,0,0,0,0,0,77,-1488,660932,107,1595,4,Kai Havertz
4,354,12,0,False,2025-05-11T15:30:00Z,2,2,36,False,0,0,0,0,0,0,0,0,0,0,0,0,0,0.0,0.0,0.0,0.0,0,0.00,0.00,0.00,0.00,0,0,0,0,0,0,0,77,-1507,659447,92,1599,4,Kai Havertz
4,361,15,0,True,2025-05-18T15:30:00Z,1,0,37,False,14,0,0,0,0,0,0,0,1,0,0,0,0,0.2,0.1,2.0,0.2,0,0.00,0.01,0.01,0.32,0,0,0,0,0,0,0,77,-638,658938,364,1002,4,Kai Havertz
4,378,17,1,False,2025-05-25T15:00:00Z,1,2,38,False,19,0,0,0,0,0,0,0,0,0,0,0,3,0.2,11.9,8.0,2.0,0,0.14,0.01,0.15,0.00,0,0,0,0,0,0,0,77,51385,714630,54198,2813,4,Kai Havertz
7,2,20,0,True,2024-08-17T14:00:00Z,2,0,1,False,0,0,0,0,0,0,0,0,0,0,0,0,0,0.0,0.0,0.0,0.0,0,0.00,0.00,0.00,0.00,0,0,0,0,0,0,0,50,0,25861,0,0,7,Jorge Luiz Frello Filho
7,11,2,0,False,2024-08-24T16:30:00Z,0,2,2,False,0,0,0,0,0,0,0,0,0,0,0,0,0,0.0,0.0,0.0,0.0,0,0.00,0.00,0.00,0.00,0,0,0,0,0,0,0,50,-4149,28506,2615,6764,7,Jorge Luiz Frello Filho
7,21,5,0,True,2024-08-31T11:30:00Z,1,1,3,False,0,0,0,0,0,0,0,0,0,0,0,0,0,0.0,0.0,0.0,0.0,0,0.00,0.00,0.00,0.00,0,0,0,0,0,0,0,49,-3634,27279,3276,6910,7,Jorge Luiz Frello Filho
7,39,18,2,False,2024-09-15T13:00:00Z,0,1,4,False,90,0,0,1,0,0,0,0,1,0,0,0,0,0.4,1.8,0.0,0.2,1,0.00,0.00,0.00,0.74,0,0,0,0,0,0,0,49,-982,28424,4753,5735,7,Jorge Luiz Frello Filho
7,47,13,0,False,2024-09-22T15:30:00Z,2,2,5,False,0,0,0,0,0,0,0,0,0,0,0,0,0,0.0,0.0,0.0,0.0,0,0.00,0.00,0.00,0.00,0,0,0,0,0,0,0,49,-91,29155,2335,2426,7,Jorge Luiz Frello Filho
7,51,11,0,True,2024-09-28T14:00:00Z,4,2,6,False,0,0,0,0,0,0,0,0,0,0,0,0,0,0.0,0.0,0.0,0.0,0,0.00,0.00,0.00,0.00,0,0,0,0,0,0,0,49,-1446,28147,1712,3158,7,Jorge Luiz Frello Filho
7,61,17,2,True,2024-10-05T14:00:00Z,3,1,7,False,60,0,0,0,1,0,0,0,0,0,0,0,17,4.0,19.5,1.0,2.5,1,0.04,0.14,0.18,0.32,0,0,0,0,0,0,0,49,-1641,26952,1256,2897,7,Jorge Luiz Frello Filho
7,71,3,0,False,2024-10-19T16:30:00Z,2,0,8,False,0,0,0,0,0,0,0,0,0,0,0,0,0,0.0,0.0,0.0,0.0,0,0.00,0.00,0.00,0.00,0,0,0,0,0,0,0,48,-353,27223,1293,1646,7,Jorge Luiz Frello Filho
7,81,12,0,True,2024-10-27T16:30:00Z,2,2,9,False,0,0,0,0,0,0,0,0,0,0,0,0,0,0.0,0.0,0.0,0.0,0,0.00,0.00,0.00,0.00,0,0,0,0,0,0,0,48,-624,26831,699,1323,7,Jorge Luiz Frello Filho
7,96,15,0,False,2024-11-02T12:30:00Z,1,0,10,False,4,0,0,0,0,0,0,0,1,0,0,0,-1,0.0,0.3,0.0,0.0,0,0.00,0.01,0.01,0.04,0,0,0,0,0,0,0,48,-724,26406,784,1508,7,Jorge Luiz Frello Filho
7,103,6,0,False,2024-11-10T16:30:00Z,1,1,11,False,0,0,0,0,0,0,0,0,0,0,0,0,0,0.0,0.0,0.0,0.0,0,0.00,0.00,0.00,0.00,0,0,0,0,0,0,0,48,-1047,25557,384,1431,7,Jorge Luiz Frello Filho
7,111,16,0,True,2024-11-23T15:00:00Z,3,0,12,False,45,0,0,0,0,0,0,0,1,0,0,0,3,0.0,13.4,0.0,1.3,1,0.00,0.09,0.09,0.12,0,0,0,0,0,0,0,48,-583,25265,518,1101,7,Jorge Luiz Frello Filho
7,129,19,2,False,2024-11-30T17:30:00Z,2,5,13,False,90,0,0,0,2,0,0,0,0,0,0,0,15,12.2,3.6,2.0,1.8,1,0.00,0.01,0.01,1.54,0,0,0,0,0,0,0,47,-404,25012,456,860,7,Jorge Luiz Frello Filho
7,131,14,1,True,2024-12-04T20:15:00Z,2,0,14,False,1,0,0,0,0,0,0,0,0,0,0,0,3,0.2,0.3,0.0,0.1,0,0.00,0.00,0.00,0.00,0,0,0,0,0,0,0,47,357,25611,1183,826,7,Jorge Luiz Frello Filho
7,145,9,2,False,2024-12-08T14:00:00Z,1,1,15,False,73,0,0,0,1,0,0,0,0,0,0,0,17,10.4,6.7,0.0,1.7,1,0.00,0.04,0.04,0.16,0,0,0,0,0,0,0,47,-46,25660,843,889,7,Jorge Luiz Frello Filho
7,151,8,1,True,2024-12-14T15:00:00Z,0,0,16,False,28,0,0,0,0,0,0,0,0,0,0,0,9,3.6,4.5,0.0,0.8,0,0.00,0.02,0.02,0.00,0,0,0,0,0,0,0,47,455,26423,1388,933,7,Jorge Luiz Frello Filho
7,163,7,0,False,2024-12-21T17:30:00Z,1,5,17,False,0,0,0,0,0,0,0,0,0,0,0,0,0,0.0,0.0,0.0,0.0,0,0.00,0.00,0.00,0.00,0,0,0,0,0,0,0,47,-310,26258,745,1055,7,Jorge Luiz Frello Filho
7,171,10,0,True,2024-12-27T20:15:00Z,1,0,18,False,0,0,0,0,0,0,0,0,0,0,0,0,0,0.0,0.0,0.0,0.0,0,0.00,0.00,0.00,0.00,0,0,0,0,0,0,0,47,-522,25895,808,1330,7,Jorge Luiz Frello Filho
7,182,4,1,False,2025-01-01T17:30:00Z,1,3,19,False,2,0,0,0,0,0,0,0,0,0,0,0,3,0.6,0.0,0.0,0.1,0,0.00,0.00,0.00,0.00,0,0,0,0,0,0,0,47,-420,25599,560,980,7,Jorge Luiz Frello Filho
7,193,5,2,False,2025-01-04T17:30:00Z,1,1,20,False,63,0,0,0,1,0,0,0,0,0,0,0,16,4.4,14.6,0.0,1.9,1,0.00,0.16,0.16,1.35,0,0,0,0,0,0,0,47,-273,25497,786,1059,7,Jorge Luiz Frello Filho
7,201,18,0,True,2025-01-15T20:00:00Z,2,1,21,False,0,0,0,0,0,0,0,0,0,0,0,0,0,0.0,0.0,0.0,0.0,0,0.00,0.00,0.00,0.00,0,0,0,0,0,0,0,47,-134,25610,983,1117,7,Jorge Luiz Frello Filho
7,211,2,0,True,2025-01-18T17:30:00Z,2,2,22,False,0,0,0,0,0,0,0,0,0,0,0,0,0,0.0,0.0,0.0,0.0,0,0.00,0.00,0.00,0.00,0,0,0,0,0,0,0,47,-212,25502,472,684,7,Jorge Luiz Frello Filho
7,230,20,0,False,2025-01-25T15:00:00Z,0,1,23,False,0,0,0,0,0,0,0,0,0,0,0,0,0,0.0,0.0,0.0,0.0,0,0.00,0.00,0.00,0.00,0,0,0,0,0,0,0,47,-287,25385,569,856,7,Jorge Luiz Frello Filho
7,231,13,0,True,2025-02-02T16:30:00Z,5,1,24,False,0,0,0,0,0,0,0,0,0,0,0,0,0,0.0,0.0,0.0,0.0,0,0.00,0.00,0.00,0.00,0,0,0,0,0,0,0,47,-148,25418,610,758,7,Jorge Luiz Frello Filho
7,245,11,0,False,2025-02-15T12:30:00Z,0,2,25,False,15,0,0,0,0,0,0,0,1,0,0,0,-1,0.6,0.3,0.0,0.1,0,0.00,0.00,0.00,0.05,0,0,0,0,0,0,0,47,-311,25307,457,768,7,Jorge Luiz Frello Filho
7,251,19,0,True,2025-02-22T15:00:00Z,0,1,26,False,0,0,0,0,0,0,0,0,0,0,0,0,0,0.0,0.0,0.0,0.0,0,0.00,0.00,0.00,0.00,0,0,0,0,0,0,0,47,-215,25161,345,560,7,Jorge Luiz Frello Filho
7,264,16,3,False,2025-02-26T19:30:00Z,0,0,27,False,69,0,0,1,0,0,0,0,0,0,0,0,7,1.0,4.8,2.0,0.8,1,0.00,0.04,0.04,0.18,0,0,0,0,0,0,0,47,-242,24986,192,434,7,Jorge Luiz Frello Filho
7,276,14,0,False,2025-03-09T16:30:00Z,1,1,28,False,0,0,0,0,0,0,0,0,0,0,0,0,0,0.0,0.0,0.0,0.0,0,0.00,0.00,0.00,0.00,0,0,0,0,0,0,0,47,-107,24973,235,342,7,Jorge Luiz Frello Filho
7,281,6,0,True,2025-03-16T13:30:00Z,1,0,29,False,0,0,0,0,0,0,0,0,0,0,0,0,0,0.0,0.0,0.0,0.0,0,0.00,0.00,0.00,0.00,0,0,0,0,0,0,0,47,-228,24769,105,333,7,Jorge Luiz Frello Filho
7,291,9,0,True,2025-04-01T18:45:00Z,2,1,30,False,0,0,0,0,0,0,0,0,0,0,0,0,0,0.0,0.0,0.0,0.0,0,0.00,0.00,0.00,0.00,0,0,0,0,0,0,0,47,-172,24692,143,315,7,Jorge Luiz Frello Filho
7,304,8,1,False,2025-04-05T11:30:00Z,1,1,31,False,70,0,0,0,1,0,0,0,1,0,0,0,10,3.8,6.4,2.0,1.2,1,0.00,0.02,0.02,1.09,0,0,0,0,0,0,0,47,-108,24609,71,179,7,Jorge Luiz Frello Filho
7,311,4,2,True,2025-04-12T16:30:00Z,1,1,32,False,90,0,0,0,1,0,0,0,0,0,0,0,11,3.4,12.6,1.0,1.7,1,0.02,0.06,0.08,0.24,0,0,0,0,0,0,0,46,-67,24573,126,193,7,Jorge Luiz Frello Filho
7,326,10,0,False,2025-04-20T13:00:00Z,0,4,33,False,0,0,0,0,0,0,0,0,0,0,0,0,0,0.0,0.0,0.0,0.0,0,0.00,0.00,0.00,0.00,0,0,0,0,0,0,0,46,-430,24118,33,463,7,Jorge Luiz Frello Filho
7,331,7,0,True,2025-04-23T19:00:00Z,2,2,33,False,0,0,0,0,0,0,0,0,0,0,0,0,0,0.0,0.0,0.0,0.0,0,0.00,0.00,0.00,0.00,0,0,0,0,0,0,0,46,-430,24118,33,463,7,Jorge Luiz Frello Filho
7,341,3,0,True,2025-05-03T16:30:00Z,1,2,35,False,0,0,0,0,0,0,0,0,0,0,0,0,0,0.0,0.0,0.0,0.0,0,0.00,0.00,0.00,0.00,0,0,0,0,0,0,0,46,-156,23661,10,166,7,Jorge Luiz Frello Filho
7,354,12,0,False,2025-05-11T15:30:00Z,2,2,36,False,0,0,0,0,0,0,0,0,0,0,0,0,0,0.0,0.0,0.0,0.0,0,0.00,0.00,0.00,0.00,0,0,0,0,0,0,0,46,-89,23587,46,135,7,Jorge Luiz Frello Filho
7,361,15,1,True,2025-05-18T15:30:00Z,1,0,37,False,1,0,0,0,0,0,0,0,0,0,0,0,3,0.2,0.0,0.0,0.0,0,0.00,0.00,0.00,0.22,0,0,0,0,0,0,0,46,11,23629,63,52,7,Jorge Luiz Frello Filho
7,378,17,0,False,2025-05-25T15:00:00Z,1,2,38,False,0,0,0,0,0,0,0,0,0,0,0,0,0,0.0,0.0,0.0,0.0,0,0.00,0.00,0.00,0.00,0,0,0,0,0,0,0,46,72,23740,123,51,7,Jorge Luiz Frello Filho
8,2,20,0,True,2024-08-17T14:00:00Z,2,0,1,False,0,0,0,0,0,0,0,0,0,0,0,0,0,0.0,0.0,0.0,0.0,0,0.00,0.00,0.00,0.00,0,0,0,0,0,0,0,50,0,16779,0,0,8,Jakub Kiwior
8,11,2,0,False,2024-08-24T16:30:00Z,0,2,2,False,0,0,0,0,0,0,0,0,0,0,0,0,0,0.0,0.0,0.0,0.0,0,0.00,0.00,0.00,0.00,0,0,0,0,0,0,0,50,-3242,17038,708,3950,8,Jakub Kiwior
8,21,5,0,True,2024-08-31T11:30:00Z,1,1,3,False,0,0,0,0,0,0,0,0,0,0,0,0,0,0.0,0.0,0.0,0.0,0,0.00,0.00,0.00,0.00,0,0,0,0,0,0,0,49,-2401,15992,828,3229,8,Jakub Kiwior
8,39,18,0,False,2024-09-15T13:00:00Z,0,1,4,False,0,0,0,0,0,0,0,0,0,0,0,0,0,0.0,0.0,0.0,0.0,0,0.00,0.00,0.00,0.00,0,0,0,0,0,0,0,49,-1679,15388,672,2351,8,Jakub Kiwior
8,47,13,1,False,2024-09-22T15:30:00Z,2,2,5,False,16,0,0,0,1,0,0,0,0,0,0,0,-1,5.2,0.0,0.0,0.5,0,0.00,0.00,0.00,0.99,0,0,0,0,0,0,0,49,-747,15120,390,1137,8,Jakub Kiwior
8,51,11,0,True,2024-09-28T14:00:00Z,4,2,6,False,0,0,0,0,0,0,0,0,0,0,0,0,0,0.0,0.0,0.0,0.0,0,0.00,0.00,0.00,0.00,0,0,0,0,0,0,0,48,-175,15474,948,1123,8,Jakub Kiwior
8,61,17,1,True,2024-10-05T14:00:00Z,3,1,7,False,1,0,0,0,0,0,0,0,0,0,0,0,3,2.4,0.3,0.0,0.3,0,0.00,0.00,0.00,0.04,0,0,0,0,0,0,0,48,395,16462,1626,1231,8,Jakub Kiwior
8,71,3,0,False,2024-10-19T16:30:00Z,2,0,8,False,43,0,0,0,2,0,0,0,0,0,0,0,-4,3.0,0.2,0.0,0.3,0,0.00,0.00,0.00,1.69,0,0,0,0,0,0,0,48,-679,16198,557,1236,8,Jakub Kiwior
8,81,12,1,True,2024-10-27T16:30:00Z,2,2,9,False,36,0,0,0,1,0,0,0,0,0,0,0,-1,5.6,0.5,0.0,0.6,0,0.00,0.00,0.00,0.45,0,0,0,0,0,0,0,48,-274,16194,482,756,8,Jakub Kiwior
8,96,15,0,False,2024-11-02T12:30:00Z,1,0,10,False,0,0,0,0,0,0,0,0,0,0,0,0,0,0.0,0.0,0.0,0.0,0,0.00,0.00,0.00,0.00,0,0,0,0,0,0,0,48,567,17175,1434,867,8,Jakub Kiwior
8,103,6,0,False,2024-11-10T16:30:00Z,1,1,11,False,0,0,0,0,0,0,0,0,0,0,0,0,0,0.0,0.0,0.0,0.0,0,0.00,0.00,0.00,0.00,0,0,0,0,0,0,0,48,-830,16531,288,1118,8,Jakub Kiwior
8,111,16,1,True,2024-11-23T15:00:00Z,3,0,12,False,2,0,0,0,0,0,0,0,0,0,0,0,2,0.0,0.0,0.0,0.0,0,0.00,0.00,0.00,0.06,0,0,0,0,0,0,0,48,-257,16644,436,693,8,Jakub Kiwior
8,129,19,1,False,2024-11-30T17:30:00Z,2,5,13,False,45,0,0,0,0,0,0,0,0,0,0,0,3,10.0,0.0,0.0,1.0,0,0.00,0.00,0.00,0.84,0,0,0,0,0,0,0,48,-233,16587,255,488,8,Jakub Kiwior
8,131,14,6,True,2024-12-04T20:15:00Z,2,0,14,False,90,0,0,1,0,0,0,0,0,0,0,0,29,11.6,10.5,0.0,2.2,1,0.00,0.00,0.00,0.22,0,0,0,0,0,0,0,48,-236,16532,268,504,8,Jakub Kiwior
8,145,9,2,False,2024-12-08T14:00:00Z,1,1,15,False,90,0,0,0,1,0,0,0,0,0,0,0,8,11.4,2.2,0.0,1.4,1,0.00,0.03,0.03,0.16,0,0,0,0,0,0,0,48,2087,19127,2521,434,8,Jakub Kiwior
8,151,8,0,True,2024-12-14T15:00:00Z,0,0,16,False,0,0,0,0,0,0,0,0,0,0,0,0,0,0.0,0.0,0.0,0.0,0,0.00,0.00,0.00,0.00,0,0,0,0,0,0,0,48,8702,28525,9785,1083,8,Jakub Kiwior
8,163,7,0,False,2024-12-21T17:30:00Z,1,5,17,False,0,0,0,0,0,0,0,0,0,0,0,0,0,0.0,0.0,0.0,0.0,0,0.00,0.00,0.00,0.00,0,0,0,0,0,0,0,48,-3503,24950,1307,4810,8,Jakub Kiwior
8,171,10,0,True,2024-12-27T20:15:00Z,1,0,18,False,0,0,0,0,0,0,0,0,0,0,0,0,0,0.0,0.0,0.0,0.0,0,0.00,0.00,0.00,0.00,0,0,0,0,0,0,0,48,-2639,22623,751,3390,8,Jakub Kiwior
8,182,4,0,False,2025-01-01T17:30:00Z,1,3,19,False,0,0,0,0,0,0,0,0,0,0,0,0,0,0.0,0.0,0.0,0.0,0,0.00,0.00,0.00,0.00,0,0,0,0,0,0,0,48,-1703,21090,302,2005,8,Jakub Kiwior
8,193,5,0,False,2025-01-04T17:30:00Z,1,1,20,False,0,0,0,0,0,0,0,0,0,0,0,0,0,0.0,0.0,0.0,0.0,0,0.00,0.00,0.00,0.00,0,0,0,0,0,0,0,48,-1238,20135,497,1735,8,Jakub Kiwior
8,201,18,0,True,2025-01-15T20:00:00Z,2,1,21,False,0,0,0,0,0,0,0,0,0,0,0,0,0,0.0,0.0,0.0,0.0,0,0.00,0.00,0.00,0.00,0,0,0,0,0,0,0,48,-934,19503,330,1264,8,Jakub Kiwior
8,211,2,0,True,2025-01-18T17:30:00Z,2,2,22,False,0,0,0,0,0,0,0,0,0,0,0,0,0,0.0,0.0,0.0,0.0,0,0.00,0.00,0.00,0.00,0,0,0,0,0,0,0,48,-500,19164,163,663,8,Jakub Kiwior
8,230,20,0,False,2025-01-25T15:00:00Z,0,1,23,False,0,0,0,0,0,0,0,0,0,0,0,0,0,0.0,0.0,0.0,0.0,0,0.00,0.00,0.00,0.00,0,0,0,0,0,0,0,48,-283,19135,434,717,8,Jakub Kiwior
8,231,13,0,True,2025-02-02T16:30:00Z,5,1,24,False,0,0,0,0,0,0,0,0,0,0,0,0,0,0.0,0.0,0.0,0.0,0,0.00,0.00,0.00,0.00,0,0,0,0,0,0,0,48,-432,18957,212,644,8,Jakub Kiwior
8,245,11,0,False,2025-02-15T12:30:00Z,0,2,25,False,0,0,0,0,0,0,0,0,0,0,0,0,0,0.0,0.0,0.0,0.0,0,0.00,0.00,0.00,0.00,0,0,0,0,0,0,0,48,-138,19154,440,578,8,Jakub Kiwior
8,251,19,0,True,2025-02-22T15:00:00Z,0,1,26,False,0,0,0,0,0,0,0,0,0,0,0,0,0,0.0,0.0,0.0,0.0,0,0.00,0.00,0.00,0.00,0,0,0,0,0,0,0,48,-121,19190,259,380,8,Jakub Kiwior
8,264,16,0,False,2025-02-26T19:30:00Z,0,0,27,False,0,0,0,0,0,0,0,0,0,0,0,0,0,0.0,0.0,0.0,0.0,0,0.00,0.00,0.00,0.00,0,0,0,0,0,0,0,48,-181,19090,138,319,8,Jakub Kiwior
8,276,14,0,False,2025-03-09T16:30:00Z,1,1,28,False,0,0,0,0,0,0,0,0,0,0,0,0,0,0.0,0.0,0.0,0.0,0,0.00,0.00,0.00,0.00,0,0,0,0,0,0,0,48,-147,19091,192,339,8,Jakub Kiwior
8,281,6,0,True,2025-03-16T13:30:00Z,1,0,29,False,0,0,0,0,0,0,0,0,0,0,0,0,0,0.0,0.0,0.0,0.0,0,0.00,0.00,0.00,0.00,0,0,0,0,0,0,0,48,-94,19146,150,244,8,Jakub Kiwior
8,291,9,2,True,2025-04-01T18:45:00Z,2,1,30,False,74,0,0,0,1,0,0,0,0,0,0,0,10,16.8,1.7,5.0,2.4,0,0.06,0.01,0.07,0.99,0,0,0,0,0,0,0,48,-64,19166,177,241,8,Jakub Kiwior
8,304,8,2,False,2025-04-05T11:30:00Z,1,1,31,False,90,0,0,0,1,0,0,0,0,0,0,0,13,18.0,14.8,4.0,3.7,1,0.00,0.08,0.08,1.09,0,0,0,0,0,0,0,48,25242,44744,29371,4129,8,Jakub Kiwior
8,311,4,2,True,2025-04-12T16:30:00Z,1,1,32,False,90,0,0,0,1,0,0,0,0,0,0,0,10,14.4,14.9,2.0,3.1,1,0.07,0.03,0.10,0.24,0,0,0,0,0,0,0,48,24877,69886,29147,4270,8,Jakub Kiwior
8,326,10,6,False,2025-04-20T13:00:00Z,0,4,33,False,90,0,0,1,0,0,0,0,0,0,0,0,28,10.8,5.0,2.0,1.8,1,0.00,0.02,0.02,0.17,0,0,0,0,0,0,0,48,185406,275547,188572,3166,8,Jakub Kiwior
8,331,7,7,True,2025-04-23T19:00:00Z,2,2,33,False,90,1,0,0,2,0,0,0,0,0,0,0,25,67.0,5.1,17.0,8.9,1,0.04,0.06,0.10,1.75,0,0,0,0,0,0,0,48,185406,275547,188572,3166,8,Jakub Kiwior
8,341,3,1,True,2025-05-03T16:30:00Z,1,2,35,False,90,0,0,0,2,0,0,0,0,0,0,0,6,10.0,4.3,0.0,1.4,1,0.00,0.00,0.00,0.97,0,0,0,0,0,0,0,48,16793,256951,22980,6187,8,Jakub Kiwior
8,354,12,1,False,2025-05-11T15:30:00Z,2,2,36,False,90,0,0,0,2,0,0,0,0,0,0,0,7,14.4,1.2,0.0,1.6,1,0.00,0.01,0.01,2.56,0,0,0,0,0,0,0,48,-16527,237274,6652,23179,8,Jakub Kiwior
8,361,15,7,True,2025-05-18T15:30:00Z,1,0,37,False,90,0,0,1,0,0,0,0,1,0,0,2,30,44.2,25.3,2.0,7.2,1,0.00,0.02,0.02,1.86,0,0,0,0,0,0,0,48,4918,243780,10799,5881,8,Jakub Kiwior
8,378,17,2,False,2025-05-25T15:00:00Z,1,2,38,False,90,0,0,0,1,0,0,0,0,0,0,0,10,22.4,5.3,0.0,2.8,1,0.00,0.03,0.03,0.63,0,0,0,0,0,0,0,49,191270,456505,195803,4533,8,Jakub Kiwior
9,2,20,3,True,2024-08-17T14:00:00Z,2,0,1,False,90,0,0,1,0,0,0,0,0,0,0,0,16,13.6,36.7,25.0,7.5,1,0.08,0.19,0.27,0.47,0,0,0,0,0,0,0,70,0,253825,0,0,9,Gabriel Martinelli Silva
9,11,2,3,False,2024-08-24T16:30:00Z,0,2,2,False,64,0,0,1,0,0,0,0,0,0,0,0,9,6.4,26.3,10.0,4.3,1,0.00,0.41,0.41,1.12,0,0,0,0,0,0,0,70,-12758,275265,21172,33930,9,Gabriel Martinelli Silva
9,21,5,1,True,2024-08-31T11:30:00Z,1,1,3,False,16,0,0,0,0,0,0,0,0,0,0,0,2,0.0,0.5,0.0,0.0,0,0.00,0.00,0.00,0.65,0,0,0,0,0,0,0,70,-35321,249418,21818,57139,9,Gabriel Martinelli Silva
9,39,18,3,False,2024-09-15T13:00:00Z,0,1,4,False,79,0,0,1,0,0,0,0,0,0,0,0,18,22.8,25.6,31.0,7.9,1,0.17,0.14,0.31,0.61,0,0,0,0,0,0,0,69,-54816,200769,8634,63450,9,Gabriel Martinelli Silva
9,47,13,5,False,2024-09-22T15:30:00Z,2,2,5,False,86,0,1,0,1,0,0,0,0,0,0,0,18,25.2,25.0,4.0,5.4,1,0.00,0.06,0.06,1.48,0,0,0,0,0,0,0,69,-14687,190107,6790,21477,9,Gabriel Martinelli Silva
9,51,11,13,True,2024-09-28T14:00:00Z,4,2,6,False,73,1,1,0,2,0,0,0,0,0,0,3,39,52.0,28.2,60.0,14.0,1,0.39,0.55,0.94,0.32,0,0,0,0,0,0,0,69,63186,258966,84010,20824,9,Gabriel Martinelli Silva
9,61,17,6,True,2024-10-05T14:00:00Z,3,1,7,False,30,1,0,0,0,0,0,0,0,0,0,0,27,35.8,4.3,37.0,7.7,0,0.41,0.04,0.45,0.33,0,0,0,0,0,0,0,70,182858,457536,205106,22248,9,Gabriel Martinelli Silva
9,71,3,1,False,2024-10-19T16:30:00Z,2,0,8,False,26,0,0,0,2,0,0,0,0,0,0,0,-5,2.0,2.7,21.0,2.6,0,0.42,0.01,0.43,1.03,0,0,0,0,0,0,0,70,-3384,457823,74381,77765,9,Gabriel Martinelli Silva
9,81,12,2,True,2024-10-27T16:30:00Z,2,2,9,False,84,0,0,0,2,0,0,0,0,0,0,0,9,6.8,16.8,15.0,3.9,1,0.06,0.39,0.45,0.85,0,0,0,0,0,0,0,70,-36855,422426,35240,72095,9,Gabriel Martinelli Silva
9,96,15,2,False,2024-11-02T12:30:00Z,1,0,10,False,60,0,0,0,1,0,0,0,0,0,0,0,2,3.6,2.3,10.0,1.6,1,0.00,0.06,0.06,0.44,0,0,0,0,0,0,0,70,-7740,419765,46051,53791,9,Gabriel Martinelli Silva
9,103,6,8,False,2024-11-10T16:30:00Z,1,1,11,False,70,1,0,0,1,0,0,0,0,0,0,1,25,37.2,1.4,52.0,9.1,1,0.48,0.00,0.48,1.22,0,0,0,0,0,0,0,69,-60643,359318,10823,71466,9,Gabriel Martinelli Silva
9,111,16,0,True,2024-11-23T15:00:00Z,3,0,12,False,0,0,0,0,0,0,0,0,0,0,0,0,0,0.0,0.0,0.0,0.0,0,0.00,0.00,0.00,0.00,0,0,0,0,0,0,0,69,51301,421310,76289,24988,9,Gabriel Martinelli Silva
9,129,19,0,False,2024-11-30T17:30:00Z,2,5,13,False,0,0,0,0,0,0,0,0,0,0,0,0,0,0.0,0.0,0.0,0.0,0,0.00,0.00,0.00,0.00,0,0,0,0,0,0,0,69,-42930,375169,15443,58373,9,Gabriel Martinelli Silva
9,131,14,3,True,2024-12-04T20:15:00Z,2,0,14,False,70,0,0,1,0,0,0,0,0,0,0,0,1,1.2,1.6,27.0,3.0,1,0.17,0.00,0.17,0.14,0,0,0,0,0,0,0,68,-61250,315401,6180,67430,9,Gabriel Martinelli Silva
9,145,9,0,False,2024-12-08T14:00:00Z,1,1,15,False,30,0,0,0,0,0,0,0,1,0,0,0,-2,3.4,6.0,12.0,2.1,0,0.00,0.01,0.01,0.12,0,0,0,0,0,0,0,68,-17090,300616,11679,28769,9,Gabriel Martinelli Silva
9,151,8,3,True,2024-12-14T15:00:00Z,0,0,16,False,73,0,0,1,0,0,0,0,0,0,0,0,5,8.4,28.5,30.0,6.7,1,0.12,0.10,0.22,0.09,0,0,0,0,0,0,0,67,-19789,282283,12644,32433,9,Gabriel Martinelli Silva
9,163,7,7,False,2024-12-21T17:30:00Z,1,5,17,False,90,1,0,0,1,0,0,0,0,0,0,0,30,50.8,47.6,53.0,15.1,1,0.66,0.53,1.19,1.59,0,0,0,0,0,0,0,67,-13439,269947,6547,19986,9,Gabriel Martinelli Silva
9,171,10,3,True,2024-12-27T20:15:00Z,1,0,18,False,90,0,0,1,0,0,0,0,0,0,0,0,5,3.2,3.7,8.0,1.5,1,0.00,0.07,0.07,0.16,0,0,0,0,0,0,0,67,179452,457465,191998,12546,9,Gabriel Martinelli Silva
9,182,4,9,False,2025-01-01T17:30:00Z,1,3,19,False,90,1,0,0,1,0,0,0,0,0,0,2,35,48.0,43.1,45.0,13.6,1,0.40,0.12,0.52,0.29,0,0,0,0,0,0,0,68,14863,467510,46521,31658,9,Gabriel Martinelli Silva
9,193,5,1,False,2025-01-04T17:30:00Z,1,1,20,False,45,0,0,0,1,0,0,0,0,0,0,0,2,3.6,4.3,6.0,1.4,0,0.00,0.01,0.01,0.97,0,0,0,0,0,0,0,68,94407,568190,131701,37294,9,Gabriel Martinelli Silva
9,201,18,1,True,2025-01-15T20:00:00Z,2,1,21,False,29,0,0,0,0,0,0,0,0,0,0,0,4,3.0,12.0,15.0,3.0,0,0.04,0.05,0.09,0.36,0,0,0,0,0,0,0,68,-78909,487392,28430,107339,9,Gabriel Martinelli Silva
9,211,2,7,True,2025-01-18T17:30:00Z,2,2,22,False,81,1,0,0,2,0,0,0,0,0,0,0,23,33.2,5.1,84.0,12.2,1,0.47,0.14,0.61,0.96,0,0,0,0,0,0,0,67,-84850,404192,9429,94279,9,Gabriel Martinelli Silva
9,230,20,3,False,2025-01-25T15:00:00Z,0,1,23,False,86,0,0,1,0,0,0,0,0,0,0,0,5,6.0,12.9,2.0,2.1,1,0.00,0.02,0.02,0.74,0,0,0,0,0,0,0,67,7043,415313,37916,30873,9,Gabriel Martinelli Silva
9,231,13,5,True,2025-02-02T16:30:00Z,5,1,24,False,90,0,1,0,1,0,0,0,0,0,0,0,15,23.2,22.3,23.0,6.9,1,0.17,0.06,0.23,0.81,0,0,0,0,0,0,0,67,-40352,373507,12219,52571,9,Gabriel Martinelli Silva
9,245,11,0,False,2025-02-15T12:30:00Z,0,2,25,False,0,0,0,0,0,0,0,0,0,0,0,0,0,0.0,0.0,0.0,0.0,0,0.00,0.00,0.00,0.00,0,0,0,0,0,0,0,66,-87801,286935,16369,104170,9,Gabriel Martinelli Silva
9,251,19,0,True,2025-02-22T15:00:00Z,0,1,26,False,0,0,0,0,0,0,0,0,0,0,0,0,0,0.0,0.0,0.0,0.0,0,0.00,0.00,0.00,0.00,0,0,0,0,0,0,0,66,-45416,243609,86,45502,9,Gabriel Martinelli Silva
9,264,16,0,False,2025-02-26T19:30:00Z,0,0,27,False,0,0,0,0,0,0,0,0,0,0,0,0,0,0.0,0.0,0.0,0.0,0,0.00,0.00,0.00,0.00,0,0,0,0,0,0,0,66,-17537,226470,46,17583,9,Gabriel Martinelli Silva
9,276,14,1,False,2025-03-09T16:30:00Z,1,1,28,False,32,0,0,0,0,0,0,0,0,0,0,0,-1,3.4,5.3,30.0,3.9,0,0.37,0.07,0.44,1.25,0,0,0,0,0,0,0,65,-11528,215047,64,11592,9,Gabriel Martinelli Silva
9,281,6,3,True,2025-03-16T13:30:00Z,1,0,29,False,78,0,0,1,0,0,0,0,0,0,0,0,8,10.0,27.7,32.0,7.0,1,0.08,0.09,0.17,0.26,0,0,0,0,0,0,0,65,6511,231909,9416,2905,9,Gabriel Martinelli Silva
9,291,9,5,True,2025-04-01T18:45:00Z,2,1,30,False,90,0,1,0,1,0,0,0,0,0,0,0,22,27.8,62.8,31.0,12.2,1,0.33,0.30,0.63,0.99,0,0,0,0,0,0,0,65,6115,229034,11155,5040,9,Gabriel Martinelli Silva
9,304,8,1,False,2025-04-05T11:30:00Z,1,1,31,False,45,0,0,0,1,0,0,0,0,0,0,0,7,9.4,2.3,25.0,3.7,0,0.04,0.02,0.06,0.83,0,0,0,0,0,0,0,65,17563,247049,21746,4183,9,Gabriel Martinelli Silva
9,311,4,2,True,2025-04-12T16:30:00Z,1,1,32,False,90,0,0,0,1,0,0,0,0,0,0,0,6,9.0,25.1,28.0,6.2,1,0.22,0.11,0.33,0.24,0,0,0,0,0,0,0,65,1184,248107,9817,8633,9,Gabriel Martinelli Silva
9,326,10,8,False,2025-04-20T13:00:00Z,0,4,33,False,72,1,0,1,0,0,0,0,0,0,0,0,27,32.4,4.8,42.0,7.9,1,0.67,0.02,0.69,0.13,0,0,0,0,0,0,0,65,83552,346581,89003,5451,9,Gabriel Martinelli Silva
9,331,7,2,True,2025-04-23T19:00:00Z,2,2,33,False,90,0,0,0,2,0,0,0,0,0,0,0,11,4.4,13.1,19.0,3.7,1,0.04,0.21,0.25,1.75,0,0,0,0,0,0,0,65,83552,346581,89003,5451,9,Gabriel Martinelli Silva
9,341,3,2,True,2025-05-03T16:30:00Z,1,2,35,False,85,0,0,0,2,0,0,0,0,0,0,0,18,12.8,42.3,29.0,8.4,1,0.08,0.37,0.45,0.97,0,0,0,0,0,0,0,65,2700,305140,11233,8533,9,Gabriel Martinelli Silva
9,354,12,7,False,2025-05-11T15:30:00Z,2,2,36,False,90,1,0,0,2,0,0,0,0,0,0,0,27,37.6,2.6,40.0,8.0,1,0.40,0.03,0.43,2.56,0,0,0,0,0,0,0,65,-17610,286784,5205,22815,9,Gabriel Martinelli Silva
9,361,15,3,True,2025-05-18T15:30:00Z,1,0,37,False,90,0,0,1,0,0,0,0,0,0,0,0,3,4.6,2.1,18.0,2.5,1,0.12,0.05,0.17,1.86,0,0,0,0,0,0,0,65,23229,312100,28492,5263,9,Gabriel Martinelli Silva
9,378,17,2,False,2025-05-25T15:00:00Z,1,2,38,False,70,0,0,0,1,0,0,0,0,0,0,0,11,19.0,42.8,48.0,11.0,1,0.74,0.23,0.97,0.63,0,0,0,0,0,0,0,65,43498,358757,51514,8016,9,Gabriel Martinelli Silva
12,2,20,0,True,2024-08-17T14:00:00Z,2,0,1,False,0,0,0,0,0,0,0,0,0,0,0,0,0,0.0,0.0,0.0,0.0,0,0.00,0.00,0.00,0.00,0,0,0,0,0,0,0,45,0,16484,0,0,12,Ethan Nwaneri
12,11,2,0,False,2024-08-24T16:30:00Z,0,2,2,False,0,0,0,0,0,0,0,0,0,0,0,0,0,0.0,0.0,0.0,0.0,0,0.00,0.00,0.00,0.00,0,0,0,0,0,0,0,45,-452,20276,2466,2918,12,Ethan Nwaneri
12,21,5,0,True,2024-08-31T11:30:00Z,1,1,3,False,0,0,0,0,0,0,0,0,0,0,0,0,0,0.0,0.0,0.0,0.0,0,0.00,0.00,0.00,0.00,0,0,0,0,0,0,0,45,-497,21665,3931,4428,12,Ethan Nwaneri
12,39,18,1,False,2024-09-15T13:00:00Z,0,1,4,False,4,0,0,0,0,0,0,0,0,0,0,0,5,8.2,0.4,0.0,0.9,0,0.00,0.00,0.00,0.09,0,0,0,0,0,0,0,45,3034,26639,7926,4892,12,Ethan Nwaneri
12,47,13,0,False,2024-09-22T15:30:00Z,2,2,5,False,0,0,0,0,0,0,0,0,0,0,0,0,0,0.0,0.0,0.0,0.0,0,0.00,0.00,0.00,0.00,0,0,0,0,0,0,0,45,1086,28148,3531,2445,12,Ethan Nwaneri
12,51,11,1,True,2024-09-28T14:00:00Z,4,2,6,False,5,0,0,0,0,0,0,0,0,0,0,0,6,6.2,11.0,15.0,3.2,0,0.02,0.16,0.18,0.00,0,0,0,0,0,0,0,45,947,29329,4511,3564,12,Ethan Nwaneri
12,61,17,0,True,2024-10-05T14:00:00Z,3,1,7,False,0,0,0,0,0,0,0,0,0,0,0,0,0,0.0,0.0,0.0,0.0,0,0.00,0.00,0.00,0.00,0,0,0,0,0,0,0,45,3817,33783,7275,3458,12,Ethan Nwaneri
12,71,3,1,False,2024-10-19T16:30:00Z,2,0,8,False,9,0,0,0,0,0,0,0,0,0,0,0,1,0.0,0.7,0.0,0.1,0,0.00,0.00,0.00,0.00,0,0,0,0,0,0,0,45,-1503,32334,1958,3461,12,Ethan Nwaneri
12,81,12,1,True,2024-10-27T16:30:00Z,2,2,9,False,5,0,0,0,0,0,0,0,0,0,0,0,4,1.0,0.5,2.0,0.4,0,0.00,0.00,0.00,0.00,0,0,0,0,0,0,0,45,-37,32660,1800,1837,12,Ethan Nwaneri
12,96,15,1,False,2024-11-02T12:30:00Z,1,0,10,False,29,0,0,0,0,0,0,0,0,0,0,0,2,0.4,1.0,3.0,0.4,0,0.03,0.01,0.04,0.08,0,0,0,0,0,0,0,45,1700,34690,3978,2278,12,Ethan Nwaneri
12,103,6,0,False,2024-11-10T16:30:00Z,1,1,11,False,0,0,0,0,0,0,0,0,0,0,0,0,0,0.0,0.0,0.0,0.0,0,0.00,0.00,0.00,0.00,0,0,0,0,0,0,0,45,974,35853,3683,2709,12,Ethan Nwaneri
12,111,16,6,True,2024-11-23T15:00:00Z,3,0,12,False,8,1,0,0,0,0,0,0,0,0,0,0,24,35.0,14.9,21.0,7.1,0,0.10,0.02,0.12,0.06,0,0,0,0,0,0,0,45,-339,35660,2647,2986,12,Ethan Nwaneri
12,129,19,1,False,2024-11-30T17:30:00Z,2,5,13,False,5,0,0,0,0,0,0,0,0,0,0,0,3,0.4,0.0,0.0,0.0,0,0.00,0.00,0.00,0.48,0,0,0,0,0,0,0,45,8265,44582,10796,2531,12,Ethan Nwaneri
12,131,14,0,True,2024-12-04T20:15:00Z,2,0,14,False,0,0,0,0,0,0,0,0,0,0,0,0,0,0.0,0.0,0.0,0.0,0,0.00,0.00,0.00,0.00,0,0,0,0,0,0,0,45,3239,48030,7511,4272,12,Ethan Nwaneri
12,145,9,1,False,2024-12-08T14:00:00Z,1,1,15,False,11,0,0,0,0,0,0,0,0,0,0,0,4,1.4,0.7,0.0,0.2,0,0.00,0.00,0.00,0.00,0,0,0,0,0,0,0,45,147,47938,4494,4347,12,Ethan Nwaneri
12,151,8,1,True,2024-12-14T15:00:00Z,0,0,16,False,28,0,0,0,0,0,0,0,0,0,0,0,1,0.6,1.4,0.0,0.2,0,0.00,0.01,0.01,0.00,0,0,0,0,0,0,0,45,362,48746,4712,4350,12,Ethan Nwaneri
12,163,7,1,False,2024-12-21T17:30:00Z,1,5,17,False,4,0,0,0,0,0,0,0,0,0,0,0,5,2.4,3.3,0.0,0.6,0,0.00,0.08,0.08,0.04,0,0,0,0,0,0,0,45,-2187,46568,2430,4617,12,Ethan Nwaneri
12,171,10,0,True,2024-12-27T20:15:00Z,1,0,18,False,0,0,0,0,0,0,0,0,0,0,0,0,0,0.0,0.0,0.0,0.0,0,0.00,0.00,0.00,0.00,0,0,0,0,0,0,0,45,-389,46446,4785,5174,12,Ethan Nwaneri
12,182,4,2,False,2025-01-01T17:30:00Z,1,3,19,False,77,0,0,0,1,0,0,0,0,0,0,0,7,7.4,31.6,11.0,5.0,1,0.08,0.11,0.19,0.29,0,0,0,0,0,0,0,45,-1584,44940,2195,3779,12,Ethan Nwaneri
12,193,5,6,False,2025-01-04T17:30:00Z,1,1,20,False,45,1,0,0,0,0,0,0,1,0,0,1,22,34.0,1.3,17.0,5.2,1,0.07,0.02,0.09,0.55,0,0,0,0,0,0,0,45,12021,58141,17289,5268,12,Ethan Nwaneri
12,201,18,0,True,2025-01-15T20:00:00Z,2,1,21,False,0,0,0,0,0,0,0,0,0,0,0,0,0,0.0,0.0,0.0,0.0,0,0.00,0.00,0.00,0.00,0,0,0,0,0,0,0,45,-1021,56277,16410,17431,12,Ethan Nwaneri
12,211,2,0,True,2025-01-18T17:30:00Z,2,2,22,False,0,0,0,0,0,0,0,0,0,0,0,0,0,0.0,0.0,0.0,0.0,0,0.00,0.00,0.00,0.00,0,0,0,0,0,0,0,45,-9597,46798,335,9932,12,Ethan Nwaneri
12,230,20,1,False,2025-01-25T15:00:00Z,0,1,23,False,45,0,0,0,0,0,0,0,0,0,0,0,2,2.2,0.8,4.0,0.7,1,0.24,0.00,0.24,0.45,0,0,0,0,0,0,0,45,3009,50248,8291,5282,12,Ethan Nwaneri
12,231,13,6,True,2025-02-02T16:30:00Z,5,1,24,False,6,1,0,0,0,0,0,0,0,0,0,0,24,37.6,14.7,7.0,5.9,0,0.02,0.02,0.04,0.00,0,0,0,0,0,0,0,45,14541,65781,17528,2987,12,Ethan Nwaneri
12,245,11,9,False,2025-02-15T12:30:00Z,0,2,25,False,90,0,1,1,0,0,0,0,0,0,0,3,45,43.4,36.5,51.0,13.1,1,0.18,0.57,0.75,0.22,0,0,0,0,0,0,0,45,78520,146693,82924,4404,12,Ethan Nwaneri
12,251,19,2,True,2025-02-22T15:00:00Z,0,1,26,False,80,0,0,0,1,0,0,0,0,0,0,0,5,7.6,22.7,9.0,3.9,1,0.01,0.11,0.12,1.07,0,0,0,0,0,0,0,46,327894,476081,332356,4462,12,Ethan Nwaneri
12,264,16,3,False,2025-02-26T19:30:00Z,0,0,27,False,76,0,0,1,0,0,0,0,0,0,0,0,16,7.8,13.4,17.0,3.8,1,0.07,0.06,0.13,0.25,0,0,0,0,0,0,0,46,1790,475173,41774,39984,12,Ethan Nwaneri
12,276,14,1,False,2025-03-09T16:30:00Z,1,1,28,False,57,0,0,0,1,0,0,0,0,0,0,0,-4,1.6,5.1,6.0,1.3,1,0.00,0.03,0.03,0.27,0,0,0,0,0,0,0,46,23131,499944,48974,25843,12,Ethan Nwaneri
12,281,6,1,True,2025-03-16T13:30:00Z,1,0,29,False,11,0,0,0,0,0,0,0,0,0,0,0,2,0.2,0.0,0.0,0.0,0,0.00,0.00,0.00,0.10,0,0,0,0,0,0,0,46,-3,458341,29799,29802,12,Ethan Nwaneri
12,291,9,6,True,2025-04-01T18:45:00Z,2,1,30,False,65,0,1,1,0,0,0,0,0,0,0,0,16,31.0,29.2,26.0,8.6,1,0.14,0.26,0.40,0.24,0,0,0,0,0,0,0,46,-122566,377107,9989,132555,12,Ethan Nwaneri
12,304,8,1,False,2025-04-05T11:30:00Z,1,1,31,False,45,0,0,0,0,0,0,0,0,0,0,0,7,6.6,15.0,4.0,2.6,1,0.00,0.08,0.08,0.26,0,0,0,0,0,0,0,46,-61216,316401,6076,67292,12,Ethan Nwaneri
12,311,4,3,True,2025-04-12T16:30:00Z,1,1,32,False,62,0,0,1,0,0,0,0,0,0,0,0,7,5.8,18.1,11.0,3.5,1,0.03,0.03,0.06,0.12,0,0,0,0,0,0,0,45,-44123,271227,5943,50066,12,Ethan Nwaneri
12,326,10,6,False,2025-04-20T13:00:00Z,0,4,33,False,33,1,0,0,0,0,0,0,0,0,0,0,25,36.2,8.6,24.0,6.9,0,0.16,0.06,0.22,0.08,0,0,0,0,0,0,0,45,-19627,245353,13085,32712,12,Ethan Nwaneri
12,331,7,1,True,2025-04-23T19:00:00Z,2,2,33,False,4,0,0,0,0,0,0,0,0,0,0,0,3,1.2,0.8,0.0,0.2,0,0.00,0.01,0.01,0.10,0,0,0,0,0,0,0,45,-19627,245353,13085,32712,12,Ethan Nwaneri
12,341,3,1,True,2025-05-03T16:30:00Z,1,2,35,False,4,0,0,0,0,0,0,0,0,0,0,0,2,0.0,0.8,2.0,0.2,0,0.00,0.01,0.01,0.00,0,0,0,0,0,0,0,44,-8362,202815,6013,14375,12,Ethan Nwaneri
12,354,12,0,False,2025-05-11T15:30:00Z,2,2,36,False,0,0,0,0,0,0,0,0,0,0,0,0,0,0.0,0.0,0.0,0.0,0,0.00,0.00,0.00,0.00,0,0,0,0,0,0,0,44,-18608,183661,4874,23482,12,Ethan Nwaneri
12,361,15,0,True,2025-05-18T15:30:00Z,1,0,37,False,0,0,0,0,0,0,0,0,0,0,0,0,0,0.0,0.0,0.0,0.0,0,0.00,0.00,0.00,0.00,0,0,0,0,0,0,0,43,-8024,176837,4926,12950,12,Ethan Nwaneri
12,378,17,2,False,2025-05-25T15:00:00Z,1,2,38,False,74,0,0,0,1,0,0,0,0,0,0,0,17,15.0,50.3,25.0,9.0,1,0.04,0.13,0.17,0.63,0,0,0,0,0,0,0,43,-9690,167305,6797,16487,12,Ethan Nwaneri
13,2,20,3,True,2024-08-17T14:00:00Z,2,0,1,False,90,0,0,1,0,0,0,0,0,0,0,0,16,15.0,24.0,15.0,5.4,1,0.02,0.06,0.08,0.47,0,0,0,0,0,0,0,85,0,1391537,0,0,13,Martin Ødegaard
13,11,2,2,False,2024-08-24T16:30:00Z,0,2,2,False,90,0,0,1,0,0,0,0,1,0,0,0,4,9.4,34.2,20.0,6.4,1,0.26,0.60,0.86,1.28,0,0,0,0,0,0,0,85,-127842,1384608,28847,156689,13,Martin Ødegaard
13,21,5,2,True,2024-08-31T11:30:00Z,1,1,3,False,73,0,0,0,1,0,0,0,0,0,0,0,9,10.0,16.8,25.0,5.2,1,0.18,0.08,0.26,1.18,0,0,0,0,0,0,0,84,-209302,1210007,52692,261994,13,Martin Ødegaard
13,39,18,0,False,2024-09-15T13:00:00Z,0,1,4,False,0,0,0,0,0,0,0,0,0,0,0,0,0,0.0,0.0,0.0,0.0,0,0.00,0.00,0.00,0.00,0,0,0,0,0,0,0,83,-509232,715216,16076,525308,13,Martin Ødegaard
13,47,13,0,False,2024-09-22T15:30:00Z,2,2,5,False,0,0,0,0,0,0,0,0,0,0,0,0,0,0.0,0.0,0.0,0.0,0,0.00,0.00,0.00,0.00,0,0,0,0,0,0,0,83,-193840,533452,864,194704,13,Martin Ødegaard
13,51,11,0,True,2024-09-28T14:00:00Z,4,2,6,False,0,0,0,0,0,0,0,0,0,0,0,0,0,0.0,0.0,0.0,0.0,0,0.00,0.00,0.00,0.00,0,0,0,0,0,0,0,82,-107298,429381,313,107611,13,Martin Ødegaard
13,61,17,0,True,2024-10-05T14:00:00Z,3,1,7,False,0,0,0,0,0,0,0,0,0,0,0,0,0,0.0,0.0,0.0,0.0,0,0.00,0.00,0.00,0.00,0,0,0,0,0,0,0,82,-49859,380805,323,50182,13,Martin Ødegaard
13,71,3,0,False,2024-10-19T16:30:00Z,2,0,8,False,0,0,0,0,0,0,0,0,0,0,0,0,0,0.0,0.0,0.0,0.0,0,0.00,0.00,0.00,0.00,0,0,0,0,0,0,0,82,-25049,356663,320,25369,13,Martin Ødegaard
13,81,12,0,True,2024-10-27T16:30:00Z,2,2,9,False,0,0,0,0,0,0,0,0,0,0,0,0,0,0.0,0.0,0.0,0.0,0,0.00,0.00,0.00,0.00,0,0,0,0,0,0,0,82,-8385,348691,267,8652,13,Martin Ødegaard
13,96,15,0,False,2024-11-02T12:30:00Z,1,0,10,False,0,0,0,0,0,0,0,0,0,0,0,0,0,0.0,0.0,0.0,0.0,0,0.00,0.00,0.00,0.00,0,0,0,0,0,0,0,82,-8234,340740,554,8788,13,Martin Ødegaard
13,103,6,7,False,2024-11-10T16:30:00Z,1,1,11,False,90,0,1,0,1,0,0,0,0,0,0,2,26,28.4,50.7,6.0,8.5,1,0.11,0.23,0.34,1.28,0,0,0,0,0,0,0,82,7071,349669,11410,4339,13,Martin Ødegaard
13,111,16,6,True,2024-11-23T15:00:00Z,3,0,12,False,81,0,1,1,0,0,0,0,0,0,0,0,29,35.8,67.5,24.0,12.7,1,0.26,0.15,0.41,0.27,0,0,0,0,0,0,0,82,83025,444452,89947,6922,13,Martin Ødegaard
13,129,19,8,False,2024-11-30T17:30:00Z,2,5,13,False,73,1,0,0,2,0,0,0,0,0,0,1,38,45.8,23.8,24.0,9.4,1,0.82,0.33,1.15,0.80,0,0,0,0,0,0,0,82,69499,516517,82536,13037,13,Martin Ødegaard
13,131,14,3,True,2024-12-04T20:15:00Z,2,0,14,False,89,0,0,1,0,0,0,0,0,0,0,0,21,12.4,38.1,13.0,6.4,1,0.12,0.32,0.44,0.22,0,0,0,0,0,0,0,83,81486,601250,97310,15824,13,Martin Ødegaard
13,145,9,2,False,2024-12-08T14:00:00Z,1,1,15,False,78,0,0,0,1,0,0,0,0,0,0,0,10,10.2,42.7,6.0,5.9,1,0.00,0.18,0.18,0.16,0,0,0,0,0,0,0,83,56040,663761,79388,23348,13,Martin Ødegaard
13,151,8,3,True,2024-12-14T15:00:00Z,0,0,16,False,61,0,0,1,0,0,0,0,0,0,0,0,4,5.2,10.3,28.0,4.4,1,0.42,0.06,0.48,0.09,0,0,0,0,0,0,0,83,10359,675042,55270,44911,13,Martin Ødegaard
13,163,7,2,False,2024-12-21T17:30:00Z,1,5,17,False,90,0,0,0,1,0,0,0,0,0,0,0,19,10.8,35.3,7.0,5.3,1,0.09,0.23,0.32,1.59,0,0,0,0,0,0,0,83,-40464,637361,16804,57268,13,Martin Ødegaard
13,171,10,3,True,2024-12-27T20:15:00Z,1,0,18,False,90,0,0,1,0,0,0,0,0,0,0,0,12,13.8,30.8,45.0,9.0,1,0.25,0.13,0.38,0.16,0,0,0,0,0,0,0,84,141460,786398,186328,44868,13,Martin Ødegaard
13,182,4,2,False,2025-01-01T17:30:00Z,1,3,19,False,87,0,0,0,1,0,0,0,0,0,0,0,15,6.8,24.9,3.0,3.5,1,0.03,0.18,0.21,0.29,0,0,0,0,0,0,0,84,12317,797738,68268,55951,13,Martin Ødegaard
13,193,5,1,False,2025-01-04T17:30:00Z,1,1,20,False,26,0,0,0,0,0,0,0,0,0,0,0,2,0.2,1.8,6.0,0.8,0,0.00,0.02,0.02,0.17,0,0,0,0,0,0,0,84,-62702,737885,31998,94700,13,Martin Ødegaard
13,201,18,8,True,2025-01-15T20:00:00Z,2,1,21,False,90,0,1,0,1,0,0,0,0,0,0,3,27,34.0,67.5,29.0,13.1,1,0.38,0.57,0.95,0.78,0,0,0,0,0,0,0,83,-120942,621221,10767,131709,13,Martin Ødegaard
13,211,2,2,True,2025-01-18T17:30:00Z,2,2,22,False,90,0,0,0,2,0,0,0,0,0,0,0,10,5.8,27.0,7.0,4.0,1,0.04,0.15,0.19,1.04,0,0,0,0,0,0,0,83,-21477,603787,12659,34136,13,Martin Ødegaard
13,230,20,0,False,2025-01-25T15:00:00Z,0,1,23,False,0,0,0,0,0,0,0,0,0,0,0,0,0,0.0,0.0,0.0,0.0,0,0.00,0.00,0.00,0.00,0,0,0,0,0,0,0,83,-28364,579776,14619,42983,13,Martin Ødegaard
13,231,13,6,True,2025-02-02T16:30:00Z,5,1,24,False,83,1,0,0,1,0,0,0,1,0,0,0,29,35.0,2.3,19.0,5.6,1,0.14,0.04,0.18,0.81,0,0,0,0,0,0,0,82,-52498,528111,5070,57568,13,Martin Ødegaard
13,245,11,3,False,2025-02-15T12:30:00Z,0,2,25,False,90,0,0,1,0,0,0,0,0,0,0,0,16,15.2,39.9,8.0,6.3,1,0.05,0.73,0.78,0.22,0,0,0,0,0,0,0,82,31297,569735,48508,17211,13,Martin Ødegaard
13,251,19,2,True,2025-02-22T15:00:00Z,0,1,26,False,90,0,0,0,1,0,0,0,0,0,0,0,12,11.8,51.9,11.0,7.5,1,0.08,0.22,0.30,1.07,0,0,0,0,0,0,0,82,8843,579456,28443,19600,13,Martin Ødegaard
13,264,16,3,False,2025-02-26T19:30:00Z,0,0,27,False,84,0,0,1,0,0,0,0,0,0,0,0,15,5.8,19.4,2.0,2.7,1,0.00,0.23,0.23,0.30,0,0,0,0,0,0,0,82,-27436,551948,5913,33349,13,Martin Ødegaard
13,276,14,3,False,2025-03-09T16:30:00Z,1,1,28,False,90,0,0,0,1,0,0,0,0,0,0,1,22,21.2,46.8,41.0,10.9,1,0.42,0.47,0.89,1.52,0,0,0,0,0,0,0,82,948,556398,19009,18061,13,Martin Ødegaard
13,281,6,5,True,2025-03-16T13:30:00Z,1,0,29,False,89,0,1,1,0,0,0,0,1,0,0,0,21,26.2,37.8,21.0,8.5,1,0.09,0.21,0.30,0.36,0,0,0,0,0,0,0,82,26731,649762,36514,9783,13,Martin Ødegaard
13,291,9,2,True,2025-04-01T18:45:00Z,2,1,30,False,90,0,0,0,1,0,0,0,0,0,0,0,15,7.6,33.5,15.0,5.6,1,0.28,0.28,0.56,0.99,0,0,0,0,0,0,0,82,25767,613858,47286,21519,13,Martin Ødegaard
13,304,8,1,False,2025-04-05T11:30:00Z,1,1,31,False,19,0,0,0,0,0,0,0,0,0,0,0,2,0.0,0.6,4.0,0.3,0,0.23,0.00,0.23,0.00,0,0,0,0,0,0,0,82,-3214,610460,18287,21501,13,Martin Ødegaard
13,311,4,0,True,2025-04-12T16:30:00Z,1,1,32,False,28,0,0,0,1,0,0,0,1,0,0,0,1,3.8,26.5,2.0,3.2,0,0.00,0.12,0.12,0.12,0,0,0,0,0,0,0,82,-9133,601724,15186,24319,13,Martin Ødegaard
13,326,10,6,False,2025-04-20T13:00:00Z,0,4,33,False,90,0,1,1,0,0,0,0,0,0,0,0,29,40.6,76.0,55.0,17.2,1,0.09,0.48,0.57,0.17,0,0,0,0,0,0,0,82,25357,636120,45269,19912,13,Martin Ødegaard
13,331,7,5,True,2025-04-23T19:00:00Z,2,2,33,False,85,0,1,0,2,0,0,0,0,0,0,0,22,19.8,30.8,9.0,6.0,1,0.12,0.20,0.32,1.65,0,0,0,0,0,0,0,82,25357,636120,45269,19912,13,Martin Ødegaard
13,341,3,8,True,2025-05-03T16:30:00Z,1,2,35,False,90,0,1,0,2,0,0,0,0,0,0,3,30,22.4,19.3,7.0,4.9,1,0.12,0.18,0.30,0.97,0,0,0,0,0,0,0,82,-3322,587915,8870,12192,13,Martin Ødegaard
13,354,12,5,False,2025-05-11T15:30:00Z,2,2,36,False,90,0,1,0,2,0,0,0,0,0,0,0,26,11.8,39.5,23.0,7.4,1,0.16,0.16,0.32,2.56,0,0,0,0,0,0,0,82,-14419,573521,6104,20523,13,Martin Ødegaard
13,361,15,6,True,2025-05-18T15:30:00Z,1,0,37,False,90,0,1,1,0,0,0,0,0,0,0,0,21,24.6,46.1,9.0,8.0,1,0.03,0.04,0.07,1.64,0,0,0,0,0,0,0,82,8127,583809,14826,6699,13,Martin Ødegaard
13,378,17,7,False,2025-05-25T15:00:00Z,1,2,38,False,15,1,0,0,0,0,0,0,0,0,0,1,26,35.2,2.9,9.0,4.7,0,0.06,0.03,0.09,0.00,0,0,0,0,0,0,0,82,75414,668217,82798,7384,13,Martin Ødegaard
15,2,20,8,True,2024-08-17T14:00:00Z,2,0,1,False,90,0,0,1,0,0,0,0,0,0,3,1,28,28.0,0.0,0.0,2.8,1,0.00,0.00,0.00,0.47,0,0,0,0,0,0,0,55,0,2143198,0,0,15,David Raya Martin
15,11,2,10,False,2024-08-24T16:30:00Z,0,2,2,False,90,0,0,1,0,0,0,0,0,0,3,3,27,28.2,0.0,0.0,2.8,1,0.00,0.00,0.00,1.28,0,0,0,0,0,0,0,55,-16603,2377063,71675,88278,15,David Raya Martin
15,21,5,2,True,2024-08-31T11:30:00Z,1,1,3,False,90,0,0,0,1,0,0,0,1,0,3,0,8,33.6,0.0,0.0,3.4,1,0.00,0.01,0.01,1.83,0,0,0,0,0,0,0,55,288962,2865351,394083,105121,15,David Raya Martin
15,39,18,9,False,2024-09-15T13:00:00Z,0,1,4,False,90,0,0,1,0,0,0,0,0,0,5,2,33,41.0,0.0,0.0,4.1,1,0.00,0.00,0.00,0.74,0,0,0,0,0,0,0,55,-96805,2823889,175717,272522,15,David Raya Martin
15,47,13,4,False,2024-09-22T15:30:00Z,2,2,5,False,90,0,0,0,2,0,0,0,0,0,9,0,21,63.0,0.0,0.0,6.3,1,0.00,0.00,0.00,2.16,0,0,0,0,0,0,0,55,76246,2945014,157350,81104,15,David Raya Martin
15,51,11,1,True,2024-09-28T14:00:00Z,4,2,6,False,90,0,0,0,2,0,0,0,0,0,1,0,1,10.8,0.0,0.0,1.1,1,0.00,0.00,0.00,0.32,0,0,0,0,0,0,0,56,187739,3172537,492448,304709,15,David Raya Martin
15,61,17,2,True,2024-10-05T14:00:00Z,3,1,7,False,90,0,0,0,1,0,0,0,0,0,1,0,6,8.0,0.0,0.0,0.8,1,0.00,0.00,0.00,0.65,0,0,0,0,0,0,0,56,123059,3344605,192663,69604,15,David Raya Martin
15,71,3,1,False,2024-10-19T16:30:00Z,2,0,8,False,90,0,0,0,2,0,0,0,0,0,2,0,0,11.8,0.0,0.0,1.2,1,0.00,0.00,0.00,1.82,0,0,0,0,0,0,0,57,54012,3429779,128397,74385,15,David Raya Martin
15,81,12,0,True,2024-10-27T16:30:00Z,2,2,9,False,90,0,0,0,2,0,0,0,1,0,2,0,2,19.6,0.0,0.0,2.0,1,0.00,0.00,0.00,0.85,0,0,0,0,0,0,0,57,-161805,3259267,18442,180247,15,David Raya Martin
15,96,15,3,False,2024-11-02T12:30:00Z,1,0,10,False,90,0,0,0,1,0,0,0,0,0,3,0,11,22.8,0.0,0.0,2.3,1,0.00,0.00,0.00,0.53,0,0,0,0,0,0,0,56,-82991,3200996,36349,119340,15,David Raya Martin
15,103,6,2,False,2024-11-10T16:30:00Z,1,1,11,False,90,0,0,0,1,0,0,0,0,0,2,0,17,20.2,0.0,0.0,2.0,1,0.00,0.00,0.00,1.28,0,0,0,0,0,0,0,56,-112081,3095312,20560,132641,15,David Raya Martin
15,111,16,6,True,2024-11-23T15:00:00Z,3,0,12,False,90,0,0,1,0,0,0,0,0,0,0,0,22,5.2,0.0,0.0,0.5,1,0.00,0.00,0.00,0.33,0,0,0,0,0,0,0,55,-36915,3080962,57350,94265,15,David Raya Martin
15,129,19,2,False,2024-11-30T17:30:00Z,2,5,13,False,90,0,0,0,2,0,0,0,0,0,3,0,6,23.8,0.0,0.0,2.4,1,0.00,0.00,0.00,1.54,0,0,0,0,0,0,0,55,50220,3151164,86135,35915,15,David Raya Martin
15,131,14,6,True,2024-12-04T20:15:00Z,2,0,14,False,90,0,0,1,0,0,0,0,0,0,2,0,25,20.0,0.0,0.0,2.0,1,0.00,0.00,0.00,0.22,0,0,0,0,0,0,0,55,-34012,3117885,47228,81240,15,David Raya Martin
15,145,9,2,False,2024-12-08T14:00:00Z,1,1,15,False,90,0,0,0,1,0,0,0,0,0,1,0,5,11.2,0.0,0.0,1.1,1,0.00,0.00,0.00,0.16,0,0,0,0,0,0,0,55,82924,3222219,114838,31914,15,David Raya Martin
15,151,8,6,True,2024-12-14T15:00:00Z,0,0,16,False,90,0,0,1,0,0,0,0,0,0,0,0,21,4.2,0.0,0.0,0.4,1,0.00,0.00,0.00,0.09,0,0,0,0,0,0,0,56,113869,3355857,157889,44020,15,David Raya Martin
15,163,7,3,False,2024-12-21T17:30:00Z,1,5,17,False,90,0,0,0,1,0,0,0,0,0,5,0,13,36.2,0.0,0.0,3.6,1,0.00,0.00,0.00,1.59,0,0,0,0,0,0,0,56,51382,3419667,95249,43867,15,David Raya Martin
15,171,10,6,True,2024-12-27T20:15:00Z,1,0,18,False,90,0,0,1,0,0,0,0,0,0,0,0,19,2.4,0.0,0.0,0.2,1,0.00,0.00,0.00,0.16,0,0,0,0,0,0,0,56,45476,3481201,105089,59613,15,David Raya Martin
15,182,4,2,False,2025-01-01T17:30:00Z,1,3,19,False,90,0,0,0,1,0,0,0,0,0,1,0,7,11.0,0.0,0.0,1.1,1,0.00,0.00,0.00,0.29,0,0,0,0,0,0,0,56,-15591,3465472,58050,73641,15,David Raya Martin
15,193,5,3,False,2025-01-04T17:30:00Z,1,1,20,False,90,0,0,0,1,0,0,0,0,0,3,0,16,24.6,0.0,0.0,2.5,1,0.00,0.00,0.00,1.52,0,0,0,0,0,0,0,56,-39096,3437674,71761,110857,15,David Raya Martin
15,201,18,2,True,2025-01-15T20:00:00Z,2,1,21,False,90,0,0,0,1,0,0,0,0,0,1,0,8,12.2,0.0,0.0,1.2,1,0.00,0.00,0.00,0.78,0,0,0,0,0,0,0,56,-92722,3356211,37216,129938,15,David Raya Martin
15,211,2,1,True,2025-01-18T17:30:00Z,2,2,22,False,90,0,0,0,2,0,0,0,0,0,2,0,4,15.0,0.0,0.0,1.5,1,0.00,0.00,0.00,1.04,0,0,0,0,0,0,0,56,-116958,3249582,18438,135396,15,David Raya Martin
15,230,20,9,False,2025-01-25T15:00:00Z,0,1,23,False,90,0,0,1,0,0,0,0,0,0,4,2,28,24.0,0.0,0.0,2.4,1,0.00,0.00,0.00,0.74,0,0,0,0,0,0,0,56,-105745,3155910,33065,138810,15,David Raya Martin
15,231,13,3,True,2025-02-02T16:30:00Z,5,1,24,False,90,0,0,0,1,0,0,0,0,0,3,0,11,25.8,0.0,0.0,2.6,1,0.00,0.00,0.00,0.81,0,0,0,0,0,0,0,55,-248321,2895517,23521,271842,15,David Raya Martin
15,245,11,7,False,2025-02-15T12:30:00Z,0,2,25,False,90,0,0,1,0,0,0,0,0,0,2,1,30,16.2,0.0,0.0,1.6,1,0.00,0.00,0.00,0.22,0,0,0,0,0,0,0,55,-9468,2919489,64242,73710,15,David Raya Martin
15,251,19,2,True,2025-02-22T15:00:00Z,0,1,26,False,90,0,0,0,1,0,0,0,0,0,1,0,13,16.6,0.3,0.0,1.7,1,0.00,0.00,0.00,1.07,0,0,0,0,0,0,0,55,74917,3007491,95205,20288,15,David Raya Martin
15,264,16,6,False,2025-02-26T19:30:00Z,0,0,27,False,90,0,0,1,0,0,0,0,0,0,2,0,24,16.4,0.1,0.0,1.7,1,0.00,0.00,0.00,0.40,0,0,0,0,0,0,0,55,-38100,2966502,23766,61866,15,David Raya Martin
15,276,14,3,False,2025-03-09T16:30:00Z,1,1,28,False,90,0,0,0,1,0,0,0,0,0,5,0,15,39.8,0.1,0.0,4.0,1,0.00,0.00,0.00,1.52,0,0,0,0,0,0,0,55,-9751,2964537,34295,44046,15,David Raya Martin
15,281,6,6,True,2025-03-16T13:30:00Z,1,0,29,False,90,0,0,1,0,0,0,0,0,0,2,0,25,23.8,0.0,0.0,2.4,1,0.00,0.00,0.00,0.36,0,0,0,0,0,0,0,55,-1796,2923570,35905,37701,15,David Raya Martin
15,291,9,2,True,2025-04-01T18:45:00Z,2,1,30,False,90,0,0,0,1,0,0,0,0,0,2,0,11,21.2,0.1,0.0,2.1,1,0.00,0.00,0.00,0.99,0,0,0,0,0,0,0,55,331238,3312515,388369,57131,15,David Raya Martin
15,304,8,2,False,2025-04-05T11:30:00Z,1,1,31,False,90,0,0,0,1,0,0,0,0,0,1,0,7,13.2,0.0,0.0,1.3,1,0.00,0.00,0.00,1.09,0,0,0,0,0,0,0,55,197158,3510262,236739,39581,15,David Raya Martin
15,311,4,2,True,2025-04-12T16:30:00Z,1,1,32,False,90,0,0,0,1,0,0,0,0,0,1,0,9,11.2,0.1,0.0,1.1,1,0.00,0.00,0.00,0.24,0,0,0,0,0,0,0,55,62450,3572887,107405,44955,15,David Raya Martin
15,326,10,6,False,2025-04-20T13:00:00Z,0,4,33,False,90,0,0,1,0,0,0,0,0,0,0,0,28,5.8,0.0,0.0,0.6,1,0.00,0.00,0.00,0.17,0,0,0,0,0,0,0,56,257201,3963612,280297,23096,15,David Raya Martin
15,331,7,1,True,2025-04-23T19:00:00Z,2,2,33,False,90,0,0,0,2,0,0,0,0,0,2,0,11,18.6,0.0,0.0,1.9,1,0.00,0.00,0.00,1.75,0,0,0,0,0,0,0,56,257201,3963612,280297,23096,15,David Raya Martin
15,341,3,1,True,2025-05-03T16:30:00Z,1,2,35,False,90,0,0,0,2,0,0,0,0,0,0,0,2,2.2,0.0,0.0,0.2,1,0.00,0.01,0.01,0.97,0,0,0,0,0,0,0,56,-10831,3645695,32575,43406,15,David Raya Martin
15,354,12,2,False,2025-05-11T15:30:00Z,2,2,36,False,90,0,0,0,2,0,0,0,0,0,3,0,7,25.8,0.0,0.0,2.6,1,0.00,0.00,0.00,2.56,0,0,0,0,0,0,0,56,-120830,3510942,8929,129759,15,David Raya Martin
15,361,15,7,True,2025-05-18T15:30:00Z,1,0,37,False,90,0,0,1,0,0,0,0,1,0,5,1,28,31.0,10.0,0.0,4.1,1,0.00,0.01,0.01,1.86,0,0,0,0,0,0,0,55,-25052,3494042,16663,41715,15,David Raya Martin
15,378,17,2,False,2025-05-25T15:00:00Z,1,2,38,False,90,0,0,0,1,0,0,0,0,0,1,0,6,11.0,0.0,0.0,1.1,1,0.00,0.00,0.00,0.63,0,0,0,0,0,0,0,56,240286,3793985,253183,12897,15,David Raya Martin
16,2,20,3,True,2024-08-17T14:00:00Z,2,0,1,False,84,0,0,1,0,0,0,0,0,0,0,0,9,6.6,13.4,8.0,2.8,1,0.09,0.05,0.14,0.32,0,0,0,0,0,0,0,65,0,552723,0,0,16,Declan Rice
16,11,2,2,False,2024-08-24T16:30:00Z,0,2,2,False,90,0,0,1,0,0,0,0,1,0,0,0,18,18.8,12.3,21.0,5.2,1,0.07,0.11,0.18,1.28,0,0,0,0,0,0,0,65,-44297,573607,25416,69713,16,Declan Rice
16,21,5,-2,True,2024-08-31T11:30:00Z,1,1,3,False,48,0,0,0,1,0,0,0,0,1,0,0,-10,0.0,1.7,6.0,0.1,1,0.03,0.03,0.06,0.08,0,0,0,0,0,0,0,64,-77123,515468,20951,98074,16,Declan Rice
16,39,18,0,False,2024-09-15T13:00:00Z,0,1,4,False,0,0,0,0,0,0,0,0,0,0,0,0,0,0.0,0.0,0.0,0.0,0,0.00,0.00,0.00,0.00,0,0,0,0,0,0,0,63,-213586,302817,1443,215029,16,Declan Rice
16,47,13,1,False,2024-09-22T15:30:00Z,2,2,5,False,90,0,0,0,2,0,0,0,1,0,0,0,2,16.6,1.0,2.0,2.0,1,0.00,0.01,0.01,2.16,0,0,0,0,0,0,0,63,-11880,301888,8900,20780,16,Declan Rice
16,51,11,2,True,2024-09-28T14:00:00Z,4,2,6,False,90,0,0,0,2,0,0,0,0,0,0,0,22,15.4,29.3,21.0,6.6,1,0.06,0.22,0.28,0.32,0,0,0,0,0,0,0,63,1854,308337,21621,19767,16,Declan Rice
16,61,17,2,True,2024-10-05T14:00:00Z,3,1,7,False,90,0,0,0,1,0,0,0,0,0,0,0,15,15.4,54.2,9.0,7.9,1,0.14,0.20,0.34,0.65,0,0,0,0,0,0,0,63,-8363,304048,13006,21369,16,Declan Rice
16,71,3,2,False,2024-10-19T16:30:00Z,2,0,8,False,90,0,0,0,2,0,0,0,0,0,0,0,20,21.6,35.8,4.0,6.1,1,0.00,0.15,0.15,1.82,0,0,0,0,0,0,0,63,-5638,303186,11664,17302,16,Declan Rice
16,81,12,5,True,2024-10-27T16:30:00Z,2,2,9,False,90,0,1,0,2,0,0,0,0,0,0,0,26,34.8,35.2,2.0,7.2,1,0.00,0.20,0.20,0.85,0,0,0,0,0,0,0,63,-5880,299735,7085,12965,16,Declan Rice
16,96,15,2,False,2024-11-02T12:30:00Z,1,0,10,False,90,0,0,0,1,0,0,0,0,0,0,0,9,18.0,40.8,14.0,7.3,1,0.35,0.19,0.54,0.53,0,0,0,0,0,0,0,63,8893,313312,20304,11411,16,Declan Rice
16,103,6,2,False,2024-11-10T16:30:00Z,1,1,11,False,70,0,0,0,1,0,0,0,0,0,0,0,11,9.0,5.7,2.0,1.7,1,0.00,0.07,0.07,1.22,0,0,0,0,0,0,0,63,-20244,293833,4932,25176,16,Declan Rice
16,111,16,0,True,2024-11-23T15:00:00Z,3,0,12,False,0,0,0,0,0,0,0,0,0,0,0,0,0,0.0,0.0,0.0,0.0,0,0.00,0.00,0.00,0.00,0,0,0,0,0,0,0,63,-19080,275691,1408,20488,16,Declan Rice
16,129,19,2,False,2024-11-30T17:30:00Z,2,5,13,False,90,0,0,0,2,0,0,0,0,0,0,0,14,16.8,39.9,2.0,5.9,1,0.00,0.12,0.12,1.54,0,0,0,0,0,0,0,62,-3886,273566,4103,7989,16,Declan Rice
16,131,14,7,True,2024-12-04T20:15:00Z,2,0,14,False,90,0,1,1,0,0,0,0,0,0,0,1,33,31.8,47.1,7.0,8.6,1,0.08,0.41,0.49,0.22,0,0,0,0,0,0,0,62,-4628,269849,3336,7964,16,Declan Rice
16,145,9,2,False,2024-12-08T14:00:00Z,1,1,15,False,90,0,0,0,1,0,0,0,1,0,0,1,21,10.4,46.3,16.0,7.3,1,0.12,0.60,0.72,0.16,0,0,0,0,0,0,0,62,5726,277287,10360,4634,16,Declan Rice
16,151,8,3,True,2024-12-14T15:00:00Z,0,0,16,False,61,0,0,1,0,0,0,0,0,0,0,0,16,12.0,16.8,2.0,3.1,1,0.03,0.06,0.09,0.09,0,0,0,0,0,0,0,62,3370,282451,10773,7403,16,Declan Rice
16,163,7,11,False,2024-12-21T17:30:00Z,1,5,17,False,32,1,1,0,0,0,0,0,0,0,0,2,40,63.2,19.9,22.0,10.5,0,0.16,0.05,0.21,0.06,0,0,0,0,0,0,0,62,-11410,271229,2277,13687,16,Declan Rice
16,171,10,3,True,2024-12-27T20:15:00Z,1,0,18,False,86,0,0,1,0,0,0,0,0,0,0,0,19,16.6,24.6,6.0,4.7,1,0.11,0.31,0.42,0.02,0,0,0,0,0,0,0,62,21068,295909,26779,5711,16,Declan Rice
16,182,4,1,False,2025-01-01T17:30:00Z,1,3,19,False,12,0,0,0,0,0,0,0,0,0,0,0,3,0.0,0.2,0.0,0.0,0,0.00,0.00,0.00,0.00,0,0,0,0,0,0,0,62,3614,300013,12212,8598,16,Declan Rice
16,193,5,4,False,2025-01-04T17:30:00Z,1,1,20,False,90,0,0,0,1,0,0,0,0,0,0,2,28,15.4,57.7,9.0,8.2,1,0.04,0.42,0.46,1.52,0,0,0,0,0,0,0,62,-5108,296412,10118,15226,16,Declan Rice
16,201,18,2,True,2025-01-15T20:00:00Z,2,1,21,False,86,0,0,0,1,0,0,0,0,0,0,0,18,10.6,17.8,13.0,4.1,1,0.13,0.17,0.30,0.70,0,0,0,0,0,0,0,62,-6736,292004,7041,13777,16,Declan Rice
16,211,2,2,True,2025-01-18T17:30:00Z,2,2,22,False,90,0,0,0,2,0,0,0,0,0,0,0,17,15.2,27.4,7.0,5.0,1,0.02,0.19,0.21,1.04,0,0,0,0,0,0,0,62,-4631,288614,4967,9598,16,Declan Rice
16,230,20,3,False,2025-01-25T15:00:00Z,0,1,23,False,90,0,0,1,0,0,0,0,0,0,0,0,19,23.0,44.8,23.0,9.1,1,0.04,0.27,0.31,0.74,0,0,0,0,0,0,0,62,-1944,288981,7635,9579,16,Declan Rice
16,231,13,10,True,2025-02-02T16:30:00Z,5,1,24,False,90,0,2,0,1,0,0,0,0,0,0,2,39,47.4,48.3,2.0,9.8,1,0.00,0.20,0.20,0.81,0,0,0,0,0,0,0,62,-4167,286427,5695,9862,16,Declan Rice
16,245,11,3,False,2025-02-15T12:30:00Z,0,2,25,False,90,0,0,1,0,0,0,0,0,0,0,0,12,14.8,13.1,6.0,3.4,1,0.12,0.02,0.14,0.22,0,0,0,0,0,0,0,62,15675,306370,22448,6773,16,Declan Rice
16,251,19,1,True,2025-02-22T15:00:00Z,0,1,26,False,55,0,0,0,1,0,0,0,0,0,0,0,9,13.4,32.5,7.0,5.3,1,0.02,0.17,0.19,1.04,0,0,0,0,0,0,0,62,5395,312807,13704,8309,16,Declan Rice
16,264,16,3,False,2025-02-26T19:30:00Z,0,0,27,False,90,0,0,1,0,0,0,0,0,0,0,0,19,21.2,47.9,7.0,7.6,1,0.10,0.22,0.32,0.40,0,0,0,0,0,0,0,62,-8202,305086,3415,11617,16,Declan Rice
16,276,14,10,False,2025-03-09T16:30:00Z,1,1,28,False,90,1,0,0,1,0,0,0,0,0,0,3,34,40.6,16.4,29.0,8.6,1,0.12,0.30,0.42,1.52,0,0,0,0,0,0,0,62,-3749,302813,4387,8136,16,Declan Rice
16,281,6,3,True,2025-03-16T13:30:00Z,1,0,29,False,90,0,0,1,0,0,0,0,0,0,0,0,9,13.0,31.5,13.0,5.8,1,0.16,0.27,0.43,0.36,0,0,0,0,0,0,0,62,23616,348996,26832,3216,16,Declan Rice
16,291,9,1,True,2025-04-01T18:45:00Z,2,1,30,False,90,0,0,0,1,0,0,0,1,0,0,0,9,9.0,30.3,17.0,5.6,1,0.28,0.12,0.40,0.99,0,0,0,0,0,0,0,62,5635,335334,14747,9112,16,Declan Rice
16,304,8,2,False,2025-04-05T11:30:00Z,1,1,31,False,90,0,0,0,1,0,0,0,0,0,0,0,11,21.4,16.4,14.0,5.2,1,0.28,0.02,0.30,1.09,0,0,0,0,0,0,0,62,-1187,334232,7861,9048,16,Declan Rice
16,311,4,5,True,2025-04-12T16:30:00Z,1,1,32,False,74,0,1,0,1,0,0,0,0,0,0,0,23,26.2,30.4,21.0,7.8,1,0.03,0.09,0.12,0.24,0,0,0,0,0,0,0,62,9109,344406,19123,10014,16,Declan Rice
16,326,10,7,False,2025-04-20T13:00:00Z,0,4,33,False,72,0,1,1,0,0,0,0,0,0,0,1,31,35.6,41.3,8.0,8.5,1,0.00,0.16,0.16,0.13,0,0,0,0,0,0,0,62,93226,451594,99245,6019,16,Declan Rice
16,331,7,1,True,2025-04-23T19:00:00Z,2,2,33,False,90,0,0,0,2,0,0,0,1,0,0,0,1,3.0,20.1,13.0,3.6,1,0.09,0.07,0.16,1.75,0,0,0,0,0,0,0,62,93226,451594,99245,6019,16,Declan Rice
16,341,3,9,True,2025-05-03T16:30:00Z,1,2,35,False,73,1,0,0,1,0,0,0,0,0,0,2,29,39.8,12.4,27.0,7.9,1,0.59,0.08,0.67,0.77,0,0,0,0,0,0,0,62,703,404143,9389,8686,16,Declan Rice
16,354,12,0,False,2025-05-11T15:30:00Z,2,2,36,False,0,0,0,0,0,0,0,0,0,0,0,0,0,0.0,0.0,0.0,0.0,0,0.00,0.00,0.00,0.00,0,0,0,0,0,0,0,62,3500,408616,17954,14454,16,Declan Rice
16,361,15,11,True,2025-05-18T15:30:00Z,1,0,37,False,90,1,0,1,0,0,0,0,0,0,0,3,36,52.2,5.5,14.0,7.2,1,0.09,0.02,0.11,1.86,0,0,0,0,0,0,0,62,-27696,380234,2934,30630,16,Declan Rice
16,378,17,2,False,2025-05-25T15:00:00Z,1,2,38,False,90,0,0,0,1,0,0,0,0,0,0,0,15,24.2,41.6,25.0,9.1,1,0.16,0.07,0.22,0.63,0,0,0,0,0,0,0,63,96256,489653,102853,6597,16,Declan Rice
17,2,20,12,True,2024-08-17T14:00:00Z,2,0,1,False,79,1,1,1,0,0,0,0,1,0,0,2,42,64.2,61.7,78.0,20.4,1,0.35,0.37,0.72,0.32,0,0,0,0,0,0,0,100,0,2763895,0,0,17,Bukayo Saka
17,11,2,6,False,2024-08-24T16:30:00Z,0,2,2,False,87,0,1,1,0,0,0,0,0,0,0,0,21,27.8,27.4,27.0,8.2,1,0.05,0.10,0.15,1.25,0,0,0,0,0,0,0,100,141942,3227441,240288,98346,17,Bukayo Saka
17,21,5,6,True,2024-08-31T11:30:00Z,1,1,3,False,90,0,1,0,1,0,0,0,0,0,0,1,21,34.8,21.2,88.0,14.4,1,0.95,0.20,1.15,1.83,0,0,0,0,0,0,0,101,99888,3421437,349415,249527,17,Bukayo Saka
17,39,18,7,False,2024-09-15T13:00:00Z,0,1,4,False,85,0,1,1,0,0,0,0,0,0,0,1,25,27.0,35.0,13.0,7.5,1,0.05,0.35,0.40,0.65,0,0,0,0,0,0,0,101,-374238,3080836,222878,597116,17,Bukayo Saka
17,47,13,4,False,2024-09-22T15:30:00Z,2,2,5,False,45,0,1,0,1,0,0,0,0,0,0,0,19,18.6,28.8,0.0,4.7,1,0.00,0.41,0.41,0.60,0,0,0,0,0,0,0,100,-162362,2931215,93151,255513,17,Bukayo Saka
17,51,11,3,True,2024-09-28T14:00:00Z,4,2,6,False,90,0,0,0,2,0,0,0,0,0,0,1,37,38.6,114.3,62.0,21.5,1,0.29,0.79,1.08,0.32,0,0,0,0,0,0,0,101,562324,3545117,685947,123623,17,Bukayo Saka
17,61,17,16,True,2024-10-05T14:00:00Z,3,1,7,False,90,1,2,0,1,0,0,0,0,0,0,3,67,84.2,90.0,73.0,24.7,1,0.31,0.93,1.24,0.65,0,0,0,0,0,0,0,101,-59558,3491722,188957,248515,17,Bukayo Saka
17,71,3,0,False,2024-10-19T16:30:00Z,2,0,8,False,0,0,0,0,0,0,0,0,0,0,0,0,0,0.0,0.0,0.0,0.0,0,0.00,0.00,0.00,0.00,0,0,0,0,0,0,0,101,1260,3514644,275043,273783,17,Bukayo Saka
17,81,12,9,True,2024-10-27T16:30:00Z,2,2,9,False,84,1,0,0,2,0,0,0,0,0,0,2,30,34.0,1.4,24.0,5.9,1,0.23,0.01,0.24,0.85,0,0,0,0,0,0,0,100,-1132341,2353764,16438,1148779,17,Bukayo Saka
17,96,15,2,False,2024-11-02T12:30:00Z,1,0,10,False,90,0,0,0,1,0,0,0,0,0,0,0,9,7.4,22.9,17.0,4.7,1,0.20,0.25,0.45,0.53,0,0,0,0,0,0,0,101,284123,2699785,393216,109093,17,Bukayo Saka
17,103,6,2,False,2024-11-10T16:30:00Z,1,1,11,False,80,0,0,0,1,0,0,0,0,0,0,0,3,1.4,3.4,9.0,1.4,1,0.03,0.01,0.04,1.24,0,0,0,0,0,0,0,101,37774,2732842,170244,132470,17,Bukayo Saka
17,111,16,13,True,2024-11-23T15:00:00Z,3,0,12,False,82,1,1,1,0,0,0,0,1,0,0,3,51,60.0,51.3,66.0,17.7,1,0.29,0.24,0.53,0.27,0,0,0,0,0,0,0,101,-28359,2709800,199139,227498,17,Bukayo Saka
17,129,19,18,False,2024-11-30T17:30:00Z,2,5,13,False,73,1,3,0,2,0,0,0,1,0,0,3,57,70.4,64.0,40.0,17.4,1,0.87,1.11,1.98,0.80,0,0,0,0,0,0,0,102,701791,3460355,722096,20305,17,Bukayo Saka
17,131,14,3,True,2024-12-04T20:15:00Z,2,0,14,False,90,0,0,1,0,0,0,0,0,0,0,0,12,15.6,38.9,29.0,8.4,1,0.13,0.16,0.29,0.22,0,0,0,0,0,0,0,104,726318,4185306,746237,19919,17,Bukayo Saka
17,145,9,2,False,2024-12-08T14:00:00Z,1,1,15,False,90,0,0,0,1,0,0,0,0,0,0,0,15,9.4,20.3,37.0,6.7,1,0.09,0.11,0.20,0.16,0,0,0,0,0,0,0,105,434619,4646701,459958,25339,17,Bukayo Saka
17,151,8,3,True,2024-12-14T15:00:00Z,0,0,16,False,90,0,0,1,0,0,0,0,0,0,0,0,23,22.8,49.2,41.0,11.3,1,0.33,0.56,0.89,0.09,0,0,0,0,0,0,0,106,224729,4864361,303405,78676,17,Bukayo Saka
17,163,7,1,False,2024-12-21T17:30:00Z,1,5,17,False,23,0,0,0,1,0,0,0,0,0,0,0,3,0.0,0.2,0.0,0.0,1,0.00,0.00,0.00,0.74,0,0,0,0,0,0,0,106,20071,4888752,122456,102385,17,Bukayo Saka
17,171,10,0,True,2024-12-27T20:15:00Z,1,0,18,False,0,0,0,0,0,0,0,0,0,0,0,0,0,0.0,0.0,0.0,0.0,0,0.00,0.00,0.00,0.00,0,0,0,0,0,0,0,104,-2741008,2107197,25065,2766073,17,Bukayo Saka
17,182,4,0,False,2025-01-01T17:30:00Z,1,3,19,False,0,0,0,0,0,0,0,0,0,0,0,0,0,0.0,0.0,0.0,0.0,0,0.00,0.00,0.00,0.00,0,0,0,0,0,0,0,103,-658686,1488375,2651,661337,17,Bukayo Saka
17,193,5,0,False,2025-01-04T17:30:00Z,1,1,20,False,0,0,0,0,0,0,0,0,0,0,0,0,0,0.0,0.0,0.0,0.0,0,0.00,0.00,0.00,0.00,0,0,0,0,0,0,0,103,-269969,1226898,1990,271959,17,Bukayo Saka
17,201,18,0,True,2025-01-15T20:00:00Z,2,1,21,False,0,0,0,0,0,0,0,0,0,0,0,0,0,0.0,0.0,0.0,0.0,0,0.00,0.00,0.00,0.00,0,0,0,0,0,0,0,102,-109665,1120834,1350,111015,17,Bukayo Saka
17,211,2,0,True,2025-01-18T17:30:00Z,2,2,22,False,0,0,0,0,0,0,0,0,0,0,0,0,0,0.0,0.0,0.0,0.0,0,0.00,0.00,0.00,0.00,0,0,0,0,0,0,0,102,-38660,1083774,864,39524,17,Bukayo Saka
17,230,20,0,False,2025-01-25T15:00:00Z,0,1,23,False,0,0,0,0,0,0,0,0,0,0,0,0,0,0.0,0.0,0.0,0.0,0,0.00,0.00,0.00,0.00,0,0,0,0,0,0,0,102,-38714,1045408,534,39248,17,Bukayo Saka
17,231,13,0,True,2025-02-02T16:30:00Z,5,1,24,False,0,0,0,0,0,0,0,0,0,0,0,0,0,0.0,0.0,0.0,0.0,0,0.00,0.00,0.00,0.00,0,0,0,0,0,0,0,102,-25750,1020176,307,26057,17,Bukayo Saka
17,245,11,0,False,2025-02-15T12:30:00Z,0,2,25,False,0,0,0,0,0,0,0,0,0,0,0,0,0,0.0,0.0,0.0,0.0,0,0.00,0.00,0.00,0.00,0,0,0,0,0,0,0,102,-23247,997390,672,23919,17,Bukayo Saka
17,251,19,0,True,2025-02-22T15:00:00Z,0,1,26,False,0,0,0,0,0,0,0,0,0,0,0,0,0,0.0,0.0,0.0,0.0,0,0.00,0.00,0.00,0.00,0,0,0,0,0,0,0,102,-11739,986209,597,12336,17,Bukayo Saka
17,264,16,0,False,2025-02-26T19:30:00Z,0,0,27,False,0,0,0,0,0,0,0,0,0,0,0,0,0,0.0,0.0,0.0,0.0,0,0.00,0.00,0.00,0.00,0,0,0,0,0,0,0,102,-7979,978459,316,8295,17,Bukayo Saka
17,276,14,0,False,2025-03-09T16:30:00Z,1,1,28,False,0,0,0,0,0,0,0,0,0,0,0,0,0,0.0,0.0,0.0,0.0,0,0.00,0.00,0.00,0.00,0,0,0,0,0,0,0,102,-8444,970182,613,9057,17,Bukayo Saka
17,281,6,0,True,2025-03-16T13:30:00Z,1,0,29,False,0,0,0,0,0,0,0,0,0,0,0,0,0,0.0,0.0,0.0,0.0,0,0.00,0.00,0.00,0.00,0,0,0,0,0,0,0,102,-4265,965526,901,5166,17,Bukayo Saka
17,291,9,8,True,2025-04-01T18:45:00Z,2,1,30,False,24,1,0,0,1,0,0,0,0,0,0,2,26,35.2,5.4,35.0,7.6,0,0.77,0.12,0.89,0.75,0,0,0,0,0,0,0,102,435195,1405695,483835,48640,17,Bukayo Saka
17,304,8,1,False,2025-04-05T11:30:00Z,1,1,31,False,45,0,0,0,1,0,0,0,0,0,0,0,5,5.0,15.0,12.0,3.2,0,0.14,0.21,0.35,0.83,0,0,0,0,0,0,0,104,895003,2310990,909904,14901,17,Bukayo Saka
17,311,4,1,True,2025-04-12T16:30:00Z,1,1,32,False,27,0,0,0,1,0,0,0,0,0,0,0,2,1.2,1.4,19.0,2.2,0,0.12,0.02,0.14,0.12,0,0,0,0,0,0,0,104,104068,2402765,218299,114231,17,Bukayo Saka
17,326,10,1,False,2025-04-20T13:00:00Z,0,4,33,False,56,0,0,0,0,0,0,0,0,0,0,0,9,3.6,60.3,28.0,9.2,1,0.52,0.87,1.39,0.09,0,0,0,0,0,0,0,105,780407,3337709,816721,36314,17,Bukayo Saka
17,331,7,1,True,2025-04-23T19:00:00Z,2,2,33,False,30,0,0,0,1,0,0,0,0,0,0,0,1,5.2,13.1,17.0,3.5,0,0.16,0.02,0.18,0.56,0,0,0,0,0,0,0,105,780407,3337709,816721,36314,17,Bukayo Saka
17,341,3,2,True,2025-05-03T16:30:00Z,1,2,35,False,85,0,0,0,2,0,0,0,0,0,0,0,2,3.8,12.3,40.0,5.6,1,0.48,0.06,0.54,0.97,0,0,0,0,0,0,0,104,-364998,2269328,57896,422894,17,Bukayo Saka
17,354,12,2,False,2025-05-11T15:30:00Z,2,2,36,False,87,0,0,0,2,0,0,0,0,0,0,0,9,11.4,49.2,28.0,8.9,1,0.38,0.18,0.56,2.34,0,0,0,0,0,0,0,103,-307570,1952220,30177,337747,17,Bukayo Saka
17,361,15,3,True,2025-05-18T15:30:00Z,1,0,37,False,75,0,0,1,0,0,0,0,0,0,0,0,17,17.8,32.8,31.0,8.2,1,0.06,0.28,0.34,1.54,0,0,0,0,0,0,0,103,-7785,1956660,60629,68414,17,Bukayo Saka
17,378,17,1,False,2025-05-25T15:00:00Z,1,2,38,False,27,0,0,0,0,0,0,0,0,0,0,0,2,6.6,23.3,16.0,4.6,0,0.07,0.42,0.49,0.00,0,0,0,0,0,0,0,104,360309,2357799,393893,33584,17,Bukayo Saka
20,2,20,3,True,2024-08-17T14:00:00Z,2,0,1,False,90,0,0,1,0,0,0,0,0,0,0,0,16,14.4,43.6,1.0,5.9,1,0.06,0.06,0.12,0.47,0,0,0,0,0,0,0,50,0,6975,0,0,20,Thomas Partey
20,11,2,11,False,2024-08-24T16:30:00Z,0,2,2,False,90,1,0,1,0,0,0,0,0,0,0,3,27,39.4,7.5,8.0,5.5,1,0.10,0.08,0.18,1.28,0,0,0,0,0,0,0,50,2274,14479,4346,2072,20,Thomas Partey
20,21,5,1,True,2024-08-31T11:30:00Z,1,1,3,False,90,0,0,0,1,0,0,0,1,0,0,0,8,17.0,0.6,0.0,1.8,1,0.00,0.00,0.00,1.83,0,0,0,0,0,0,0,50,98705,147597,120463,21758,20,Thomas Partey
20,39,18,3,False,2024-09-15T13:00:00Z,0,1,4,False,90,0,0,1,0,0,0,0,0,0,0,0,12,20.0,2.8,0.0,2.3,1,0.00,0.07,0.07,0.74,0,0,0,0,0,0,0,50,3221,152755,38742,35521,20,Thomas Partey
20,47,13,1,False,2024-09-22T15:30:00Z,2,2,5,False,90,0,0,0,2,0,0,0,1,0,0,0,11,14.0,2.3,2.0,1.8,1,0.00,0.02,0.02,2.16,0,0,0,0,0,0,0,50,-1790,152967,15118,16908,20,Thomas Partey
20,51,11,2,True,2024-09-28T14:00:00Z,4,2,6,False,84,0,0,0,2,0,0,0,0,0,0,0,20,13.6,23.9,4.0,4.2,1,0.00,0.09,0.09,0.32,0,0,0,0,0,0,0,50,-151,154561,20855,21006,20,Thomas Partey
20,61,17,2,True,2024-10-05T14:00:00Z,3,1,7,False,83,0,0,0,1,0,0,0,0,0,0,0,25,22.8,12.7,13.0,4.9,1,0.11,0.05,0.16,0.61,0,0,0,0,0,0,0,50,-7167,148749,12757,19924,20,Thomas Partey
20,71,3,2,False,2024-10-19T16:30:00Z,2,0,8,False,90,0,0,0,2,0,0,0,0,0,0,0,9,2.6,5.3,1.0,0.9,1,0.05,0.03,0.08,1.82,0,0,0,0,0,0,0,50,-11640,138182,5675,17315,20,Thomas Partey
20,81,12,2,True,2024-10-27T16:30:00Z,2,2,9,False,90,0,0,0,2,0,0,0,0,0,0,0,18,24.8,4.8,0.0,3.0,1,0.00,0.02,0.02,0.85,0,0,0,0,0,0,0,50,-11409,127321,2065,13474,20,Thomas Partey
20,96,15,2,False,2024-11-02T12:30:00Z,1,0,10,False,85,0,0,0,1,0,0,0,0,0,0,0,17,19.2,25.8,2.0,4.7,1,0.00,0.06,0.06,0.48,0,0,0,0,0,0,0,50,-7449,120783,5048,12497,20,Thomas Partey
20,103,6,2,False,2024-11-10T16:30:00Z,1,1,11,False,90,0,0,0,1,0,0,0,0,0,0,0,11,9.4,5.7,7.0,2.2,1,0.19,0.02,0.21,1.28,0,0,0,0,0,0,0,50,-9816,111149,2465,12281,20,Thomas Partey
20,111,16,8,True,2024-11-23T15:00:00Z,3,0,12,False,45,1,0,0,0,0,0,0,0,0,0,2,36,42.6,1.1,8.0,5.2,0,0.06,0.01,0.07,0.21,0,0,0,0,0,0,0,50,-4968,107035,3583,8551,20,Thomas Partey
20,129,19,0,False,2024-11-30T17:30:00Z,2,5,13,False,0,0,0,0,0,0,0,0,0,0,0,0,0,0.0,0.0,0.0,0.0,0,0.00,0.00,0.00,0.00,0,0,0,0,0,0,0,50,3880,111729,8674,4794,20,Thomas Partey
20,131,14,6,True,2024-12-04T20:15:00Z,2,0,14,False,90,0,1,1,0,0,0,0,0,0,0,0,27,25.0,17.6,41.0,8.4,1,0.37,0.35,0.72,0.22,0,0,0,0,0,0,0,50,-15621,95818,921,16542,20,Thomas Partey
20,145,9,2,False,2024-12-08T14:00:00Z,1,1,15,False,90,0,0,0,1,0,0,0,0,0,0,0,8,6.0,8.5,7.0,2.2,1,0.25,0.07,0.32,0.16,0,0,0,0,0,0,0,50,1193,97888,5884,4691,20,Thomas Partey
20,151,8,1,True,2024-12-14T15:00:00Z,0,0,16,False,21,0,0,0,0,0,0,0,0,0,0,0,12,7.0,2.2,2.0,1.1,0,0.00,0.02,0.02,0.00,0,0,0,0,0,0,0,50,-116,98275,5379,5495,20,Thomas Partey
20,163,7,5,False,2024-12-21T17:30:00Z,1,5,17,False,90,0,1,0,1,0,0,0,0,0,0,0,22,24.0,13.3,4.0,4.1,1,0.00,0.11,0.11,1.59,0,0,0,0,0,0,0,50,-5847,92511,1459,7306,20,Thomas Partey
20,171,10,1,True,2024-12-27T20:15:00Z,1,0,18,False,3,0,0,0,0,0,0,0,0,0,0,0,3,5.0,0.3,0.0,0.5,0,0.00,0.00,0.00,0.14,0,0,0,0,0,0,0,50,330,93394,4946,4616,20,Thomas Partey
20,182,4,5,False,2025-01-01T17:30:00Z,1,3,19,False,90,0,1,0,1,0,0,0,0,0,0,0,26,23.0,5.8,14.0,4.3,1,0.10,0.06,0.16,0.29,0,0,0,0,0,0,0,50,-3549,89874,1778,5327,20,Thomas Partey
20,193,5,2,False,2025-01-04T17:30:00Z,1,1,20,False,90,0,0,0,1,0,0,0,0,0,0,0,10,10.6,2.0,6.0,1.9,1,0.09,0.03,0.12,1.52,0,0,0,0,0,0,0,50,75,90578,4702,4627,20,Thomas Partey
20,201,18,2,True,2025-01-15T20:00:00Z,2,1,21,False,90,0,0,0,1,0,0,0,0,0,0,0,16,16.2,18.2,2.0,3.6,1,0.07,0.11,0.18,0.78,0,0,0,0,0,0,0,50,-2644,88255,2967,5611,20,Thomas Partey
20,211,2,2,True,2025-01-18T17:30:00Z,2,2,22,False,90,0,0,0,2,0,0,0,0,0,0,0,17,13.0,33.8,4.0,5.1,1,0.00,0.29,0.29,1.04,0,0,0,0,0,0,0,50,-2518,85986,1726,4244,20,Thomas Partey
20,230,20,3,False,2025-01-25T15:00:00Z,0,1,23,False,90,0,0,1,0,0,0,0,0,0,0,0,14,13.4,5.3,3.0,2.2,1,0.03,0.02,0.05,0.74,0,0,0,0,0,0,0,50,-2336,84002,2224,4560,20,Thomas Partey
20,231,13,8,True,2025-02-02T16:30:00Z,5,1,24,False,90,1,0,0,1,0,0,0,0,0,0,1,38,53.6,12.8,7.0,7.3,1,0.05,0.02,0.07,0.81,0,0,0,0,0,0,0,49,-2254,81889,1503,3757,20,Thomas Partey
20,245,11,3,False,2025-02-15T12:30:00Z,0,2,25,False,74,0,0,1,0,0,0,0,0,0,0,0,13,7.6,3.2,3.0,1.4,1,0.04,0.04,0.08,0.17,0,0,0,0,0,0,0,49,5726,88701,8348,2622,20,Thomas Partey
20,251,19,1,True,2025-02-22T15:00:00Z,0,1,26,False,90,0,0,0,1,0,0,0,1,0,0,0,16,21.6,28.1,0.0,5.0,1,0.00,0.40,0.40,1.07,0,0,0,0,0,0,0,49,2786,91557,5752,2966,20,Thomas Partey
20,264,16,1,False,2025-02-26T19:30:00Z,0,0,27,False,5,0,0,0,0,0,0,0,0,0,0,0,3,0.0,0.3,1.0,0.1,0,0.06,0.00,0.06,0.10,0,0,0,0,0,0,0,49,-1289,90383,2283,3572,20,Thomas Partey
20,276,14,2,False,2025-03-09T16:30:00Z,1,1,28,False,75,0,0,0,1,0,0,0,0,0,0,0,14,14.6,27.0,2.0,4.4,1,0.02,0.07,0.09,0.91,0,0,0,0,0,0,0,49,-2300,88356,1532,3832,20,Thomas Partey
20,281,6,2,True,2025-03-16T13:30:00Z,1,0,29,False,90,0,0,1,0,0,0,0,1,0,0,0,7,7.0,1.6,0.0,0.9,1,0.00,0.01,0.01,0.36,0,0,0,0,0,0,0,49,-1002,86437,1047,2049,20,Thomas Partey
20,291,9,2,True,2025-04-01T18:45:00Z,2,1,30,False,90,0,0,0,1,0,0,0,0,0,0,0,14,15.6,3.8,5.0,2.4,1,0.09,0.04,0.13,0.99,0,0,0,0,0,0,0,49,-2102,85557,831,2933,20,Thomas Partey
20,304,8,0,False,2025-04-05T11:30:00Z,1,1,31,False,0,0,0,0,0,0,0,0,0,0,0,0,0,0.0,0.0,0.0,0.0,0,0.00,0.00,0.00,0.00,0,0,0,0,0,0,0,49,-1459,84160,712,2171,20,Thomas Partey
20,311,4,10,True,2025-04-12T16:30:00Z,1,1,32,False,68,1,0,1,0,0,0,0,0,0,0,2,28,42.0,2.7,23.0,6.8,1,0.26,0.03,0.29,0.12,0,0,0,0,0,0,0,49,-1771,82395,733,2504,20,Thomas Partey
20,326,10,0,False,2025-04-20T13:00:00Z,0,4,33,False,0,0,0,0,0,0,0,0,0,0,0,0,0,0.0,0.0,0.0,0.0,0,0.00,0.00,0.00,0.00,0,0,0,0,0,0,0,49,7744,91445,9584,1840,20,Thomas Partey
20,331,7,2,True,2025-04-23T19:00:00Z,2,2,33,False,90,0,0,0,2,0,0,0,0,0,0,0,15,13.8,3.8,0.0,1.8,1,0.00,0.02,0.02,1.75,0,0,0,0,0,0,0,49,7744,91445,9584,1840,20,Thomas Partey
20,341,3,2,True,2025-05-03T16:30:00Z,1,2,35,False,90,0,0,0,2,0,0,0,0,0,0,0,10,8.0,5.6,2.0,1.6,1,0.00,0.14,0.14,0.97,0,0,0,0,0,0,0,49,-933,83911,716,1649,20,Thomas Partey
20,354,12,2,False,2025-05-11T15:30:00Z,2,2,36,False,90,0,0,0,2,0,0,0,0,0,0,0,14,14.8,15.3,4.0,3.4,1,0.00,0.23,0.23,2.56,0,0,0,0,0,0,0,49,-1512,82400,733,2245,20,Thomas Partey
20,361,15,3,True,2025-05-18T15:30:00Z,1,0,37,False,90,0,0,1,0,0,0,0,0,0,0,0,13,20.6,13.0,40.0,7.4,1,0.24,0.02,0.26,1.86,0,0,0,0,0,0,0,49,-432,82119,675,1107,20,Thomas Partey
20,378,17,2,False,2025-05-25T15:00:00Z,1,2,38,False,90,0,0,0,1,0,0,0,0,0,0,0,17,24.4,17.6,7.0,4.9,1,0.03,0.05,0.08,0.63,0,0,0,0,0,0,0,49,-179,82045,1207,1386,20,Thomas Partey
